-- MySQL dump 10.13  Distrib 5.7.17, for Win64 (x86_64)
--
-- Host: localhost    Database: shinsjs
-- ------------------------------------------------------
-- Server version	5.7.27-0ubuntu0.18.04.1

/*!40101 SET @OLD_CHARACTER_SET_CLIENT=@@CHARACTER_SET_CLIENT */;
/*!40101 SET @OLD_CHARACTER_SET_RESULTS=@@CHARACTER_SET_RESULTS */;
/*!40101 SET @OLD_COLLATION_CONNECTION=@@COLLATION_CONNECTION */;
/*!40101 SET NAMES utf8 */;
/*!40103 SET @OLD_TIME_ZONE=@@TIME_ZONE */;
/*!40103 SET TIME_ZONE='+00:00' */;
/*!40014 SET @OLD_UNIQUE_CHECKS=@@UNIQUE_CHECKS, UNIQUE_CHECKS=0 */;
/*!40014 SET @OLD_FOREIGN_KEY_CHECKS=@@FOREIGN_KEY_CHECKS, FOREIGN_KEY_CHECKS=0 */;
/*!40101 SET @OLD_SQL_MODE=@@SQL_MODE, SQL_MODE='NO_AUTO_VALUE_ON_ZERO' */;
/*!40111 SET @OLD_SQL_NOTES=@@SQL_NOTES, SQL_NOTES=0 */;

--
-- Table structure for table `survey_info`
--

DROP TABLE IF EXISTS `survey_info`;
/*!40101 SET @saved_cs_client     = @@character_set_client */;
/*!40101 SET character_set_client = utf8 */;
CREATE TABLE `survey_info` (
  `id` int(11) NOT NULL AUTO_INCREMENT,
  `survey_id` varchar(45) NOT NULL,
  `site_name` varchar(45) CHARACTER SET utf8 DEFAULT NULL,
  `weather` varchar(45) CHARACTER SET utf8 DEFAULT NULL,
  `remarks` text CHARACTER SET utf8,
  `measurement_point_no` int(11) NOT NULL,
  `water_level` varchar(45) CHARACTER SET utf8 DEFAULT NULL,
  `measurement_content` varchar(45) CHARACTER SET utf8 DEFAULT NULL,
  `phenol_reaction` int(1) DEFAULT NULL COMMENT '1: 貫入不能\n2: モーターストール\n3: 障害物当たり\n4: 擁壁ベース当たり\n5:打撃打抜',
  PRIMARY KEY (`id`)
) ENGINE=InnoDB AUTO_INCREMENT=10 DEFAULT CHARSET=latin1;
/*!40101 SET character_set_client = @saved_cs_client */;

--
-- Dumping data for table `survey_info`
--

LOCK TABLES `survey_info` WRITE;
/*!40000 ALTER TABLE `survey_info` DISABLE KEYS */;
INSERT INTO `survey_info` VALUES (1,'9','','','',1,'','',0),(2,'18','test','1,1,1,1','test',1,'1','1,1,1,1',0),(3,'21','test','1,1,1,1','test',1,'','0,0,0,0',0),(4,'16','sdfsdfsdf dsf','0,0,0,0','sdfsdfsdfdf',1,'','0,0,0,0',0),(5,'20','','0,0,0,0','',1,'0','0,0,0,0',1),(6,'20','','0,0,0,0','',2,'','0,0,0,0',0),(7,'20','','0,0,0,0','',3,'','0,0,0,0',0),(8,'20','','0,0,0,0','',4,'','0,0,0,0',0),(9,'20','','0,0,0,0','',5,'','0,0,0,0',0);
/*!40000 ALTER TABLE `survey_info` ENABLE KEYS */;
UNLOCK TABLES;

--
-- Table structure for table `survey_info_wsw`
--

DROP TABLE IF EXISTS `survey_info_wsw`;
/*!40101 SET @saved_cs_client     = @@character_set_client */;
/*!40101 SET character_set_client = utf8 */;
CREATE TABLE `survey_info_wsw` (
  `id` int(11) NOT NULL AUTO_INCREMENT,
  `survey_info_id` int(11) NOT NULL,
  `wsw` varchar(45) NOT NULL,
  `half_revolution` varchar(45) NOT NULL,
  `penetration_depth` varchar(45) NOT NULL,
  `shari` tinyint(1) NOT NULL DEFAULT '0',
  `jari` tinyint(1) NOT NULL DEFAULT '0',
  `gully` tinyint(1) NOT NULL,
  `excavation` tinyint(1) NOT NULL DEFAULT '0',
  `ston` tinyint(1) NOT NULL DEFAULT '0',
  `sursul` tinyint(1) NOT NULL DEFAULT '0',
  `yukuri` tinyint(1) NOT NULL DEFAULT '0',
  `jinwali` tinyint(1) NOT NULL DEFAULT '0',
  `number_of_hits` varchar(45) NOT NULL,
  `idling` tinyint(1) NOT NULL DEFAULT '0',
  `sandy_soil` tinyint(1) NOT NULL DEFAULT '0',
  `clay_soil` tinyint(1) NOT NULL DEFAULT '0',
  `other` varchar(45) NOT NULL,
  PRIMARY KEY (`id`)
) ENGINE=InnoDB AUTO_INCREMENT=361 DEFAULT CHARSET=latin1;
/*!40101 SET character_set_client = @saved_cs_client */;

--
-- Dumping data for table `survey_info_wsw`
--

LOCK TABLES `survey_info_wsw` WRITE;
/*!40000 ALTER TABLE `survey_info_wsw` DISABLE KEYS */;
INSERT INTO `survey_info_wsw` VALUES (1,1,'1.0','','0.25',1,0,0,0,0,0,0,0,'',0,0,0,''),(2,1,'1.0','','0.50',0,0,0,0,0,0,0,0,'',0,0,0,''),(3,1,'1.0','','0.75',0,0,0,0,0,0,0,0,'',0,0,0,''),(4,1,'1.0','','1.00',0,0,0,0,0,0,0,0,'',0,0,0,''),(5,1,'1.0','','1.25',0,0,0,0,0,0,0,0,'',0,0,0,''),(6,1,'1.0','','1.50',0,0,0,0,0,0,0,0,'',0,0,0,''),(7,1,'1.0','','1.75',0,0,0,0,0,0,0,0,'',0,0,0,''),(8,1,'1.0','','2.00',0,0,0,0,0,0,0,0,'',0,0,0,''),(9,1,'1.0','','2.25',0,0,0,0,0,0,0,0,'',0,0,0,''),(10,1,'1.0','','2.50',0,0,0,0,0,0,0,0,'',0,0,0,''),(11,1,'1.0','','2.75',0,0,0,0,0,0,0,0,'',0,0,0,''),(12,1,'1.0','','3.00',0,0,0,0,0,0,0,0,'',0,0,0,''),(13,1,'1.0','','3.25',0,0,0,0,0,0,0,0,'',0,0,0,''),(14,1,'1.0','','3.50',0,0,0,0,0,0,0,0,'',0,0,0,''),(15,1,'1.0','','3.75',0,0,0,0,0,0,0,0,'',0,0,0,''),(16,1,'1.0','','4.00',0,0,0,0,0,0,0,0,'',0,0,0,''),(17,1,'1.0','','4.25',0,0,0,0,0,0,0,0,'',0,0,0,''),(18,1,'1.0','','4.50',0,0,0,0,0,0,0,0,'',0,0,0,''),(19,1,'1.0','','4.75',0,0,0,0,0,0,0,0,'',0,0,0,''),(20,1,'1.0','','5.00',0,0,0,0,0,0,0,0,'',0,0,0,''),(21,1,'1.0','','5.25',0,0,0,0,0,0,0,0,'',0,0,0,''),(22,1,'1.0','','5.50',0,0,0,0,0,0,0,0,'',0,0,0,''),(23,1,'1.0','','5.75',0,0,0,0,0,0,0,0,'',0,0,0,''),(24,1,'1.0','','6.00',0,0,0,0,0,0,0,0,'',0,0,0,''),(25,1,'1.0','','6.25',0,0,0,0,0,0,0,0,'',0,0,0,''),(26,1,'1.0','','6.50',0,0,0,0,0,0,0,0,'',0,0,0,''),(27,1,'1.0','','6.75',0,0,0,0,0,0,0,0,'',0,0,0,''),(28,1,'1.0','','7.00',0,0,0,0,0,0,0,0,'',0,0,0,''),(29,1,'1.0','','7.25',0,0,0,0,0,0,0,0,'',0,0,0,''),(30,1,'1.0','','7.50',0,0,0,0,0,0,0,0,'',0,0,0,''),(31,1,'1.0','','7.75',0,0,0,0,0,0,0,0,'',0,0,0,''),(32,1,'1.0','','8.00',0,0,0,0,0,0,0,0,'',0,0,0,''),(33,1,'1.0','','8.25',0,0,0,0,0,0,0,0,'',0,0,0,''),(34,1,'1.0','','8.50',0,0,0,0,0,0,0,0,'',0,0,0,''),(35,1,'1.0','','8.75',0,0,0,0,0,0,0,0,'',0,0,0,''),(36,1,'1.0','','9.00',0,0,0,0,0,0,0,0,'',0,0,0,''),(37,1,'1.0','','9.25',0,0,0,0,0,0,0,0,'',0,0,0,''),(38,1,'1.0','','9.50',0,0,0,0,0,0,0,0,'',0,0,0,''),(39,1,'1.0','','9.75',0,0,0,0,0,0,0,0,'',0,0,0,''),(40,1,'1.0','','10.00',0,0,0,0,0,0,0,0,'',0,0,0,''),(41,2,'1.0','test','0.25',1,1,1,1,0,0,0,0,'',0,0,0,''),(42,2,'1.0','test','0.50',1,1,1,1,0,0,0,0,'',0,0,0,''),(43,2,'1.0','','0.75',0,0,0,0,0,0,0,0,'',0,0,0,''),(44,2,'1.0','','1.00',0,0,0,0,0,0,0,0,'',0,0,0,''),(45,2,'1.0','','1.25',0,0,0,0,0,0,0,0,'',0,0,0,''),(46,2,'1.0','','1.50',0,0,0,0,0,0,0,0,'',0,0,0,''),(47,2,'1.0','','1.75',0,0,0,0,0,0,0,0,'',0,0,0,''),(48,2,'1.0','','2.00',0,0,0,0,0,0,0,0,'',0,0,0,''),(49,2,'1.0','','2.25',0,0,0,0,0,0,0,0,'',0,0,0,''),(50,2,'1.0','','2.50',0,0,0,0,0,0,0,0,'',0,0,0,''),(51,2,'1.0','','2.75',0,0,0,0,0,0,0,0,'',0,0,0,''),(52,2,'1.0','','3.00',0,0,0,0,0,0,0,0,'',0,0,0,''),(53,2,'1.0','','3.25',0,0,0,0,0,0,0,0,'',0,0,0,''),(54,2,'1.0','','3.50',0,0,0,0,0,0,0,0,'',0,0,0,''),(55,2,'1.0','','3.75',0,0,0,0,0,0,0,0,'',0,0,0,''),(56,2,'1.0','','4.00',0,0,0,0,0,0,0,0,'',0,0,0,''),(57,2,'1.0','','4.25',0,0,0,0,0,0,0,0,'',0,0,0,''),(58,2,'1.0','','4.50',0,0,0,0,0,0,0,0,'',0,0,0,''),(59,2,'1.0','','4.75',0,0,0,0,0,0,0,0,'',0,0,0,''),(60,2,'1.0','','5.00',0,0,0,0,0,0,0,0,'',0,0,0,''),(61,2,'1.0','','5.25',0,0,0,0,0,0,0,0,'',0,0,0,''),(62,2,'1.0','','5.50',0,0,0,0,0,0,0,0,'',0,0,0,''),(63,2,'1.0','','5.75',0,0,0,0,0,0,0,0,'',0,0,0,''),(64,2,'1.0','','6.00',0,0,0,0,0,0,0,0,'',0,0,0,''),(65,2,'1.0','','6.25',0,0,0,0,0,0,0,0,'',0,0,0,''),(66,2,'1.0','','6.50',0,0,0,0,0,0,0,0,'',0,0,0,''),(67,2,'1.0','','6.75',0,0,0,0,0,0,0,0,'',0,0,0,''),(68,2,'1.0','','7.00',0,0,0,0,0,0,0,0,'',0,0,0,''),(69,2,'1.0','','7.25',0,0,0,0,0,0,0,0,'',0,0,0,''),(70,2,'1.0','','7.50',0,0,0,0,0,0,0,0,'',0,0,0,''),(71,2,'1.0','','7.75',0,0,0,0,0,0,0,0,'',0,0,0,''),(72,2,'1.0','','8.00',0,0,0,0,0,0,0,0,'',0,0,0,''),(73,2,'1.0','','8.25',0,0,0,0,0,0,0,0,'',0,0,0,''),(74,2,'1.0','','8.50',0,0,0,0,0,0,0,0,'',0,0,0,''),(75,2,'1.0','','8.75',0,0,0,0,0,0,0,0,'',0,0,0,''),(76,2,'1.0','','9.00',0,0,0,0,0,0,0,0,'',0,0,0,''),(77,2,'1.0','','9.25',0,0,0,0,0,0,0,0,'',0,0,0,''),(78,2,'1.0','','9.50',0,0,0,0,0,0,0,0,'',0,0,0,''),(79,2,'1.0','','9.75',0,0,0,0,0,0,0,0,'',0,0,0,''),(80,2,'1.0','','10.00',0,0,0,0,0,0,0,0,'',0,0,0,''),(81,3,'1.0','test','0.25',1,1,1,1,0,0,0,0,'',0,0,0,''),(82,3,'1.0','test','0.50',1,1,1,1,0,0,0,0,'',0,0,0,''),(83,3,'1.0','','0.75',0,0,0,0,0,0,0,0,'',0,0,0,''),(84,3,'1.0','','1.00',0,0,0,0,0,0,0,0,'',0,0,0,''),(85,3,'1.0','','1.25',0,0,0,0,0,0,0,0,'',0,0,0,''),(86,3,'1.0','','1.50',0,0,0,0,0,0,0,0,'',0,0,0,''),(87,3,'1.0','','1.75',0,0,0,0,0,0,0,0,'',0,0,0,''),(88,3,'1.0','','2.00',0,0,0,0,0,0,0,0,'',0,0,0,''),(89,3,'1.0','','2.25',0,0,0,0,0,0,0,0,'',0,0,0,''),(90,3,'1.0','','2.50',0,0,0,0,0,0,0,0,'',0,0,0,''),(91,3,'1.0','','2.75',0,0,0,0,0,0,0,0,'',0,0,0,''),(92,3,'1.0','','3.00',0,0,0,0,0,0,0,0,'',0,0,0,''),(93,3,'1.0','','3.25',0,0,0,0,0,0,0,0,'',0,0,0,''),(94,3,'1.0','','3.50',0,0,0,0,0,0,0,0,'',0,0,0,''),(95,3,'1.0','','3.75',0,0,0,0,0,0,0,0,'',0,0,0,''),(96,3,'1.0','','4.00',0,0,0,0,0,0,0,0,'',0,0,0,''),(97,3,'1.0','','4.25',0,0,0,0,0,0,0,0,'',0,0,0,''),(98,3,'1.0','','4.50',0,0,0,0,0,0,0,0,'',0,0,0,''),(99,3,'1.0','','4.75',0,0,0,0,0,0,0,0,'',0,0,0,''),(100,3,'1.0','','5.00',0,0,0,0,0,0,0,0,'',0,0,0,''),(101,3,'1.0','','5.25',0,0,0,0,0,0,0,0,'',0,0,0,''),(102,3,'1.0','','5.50',0,0,0,0,0,0,0,0,'',0,0,0,''),(103,3,'1.0','','5.75',0,0,0,0,0,0,0,0,'',0,0,0,''),(104,3,'1.0','','6.00',0,0,0,0,0,0,0,0,'',0,0,0,''),(105,3,'1.0','','6.25',0,0,0,0,0,0,0,0,'',0,0,0,''),(106,3,'1.0','','6.50',0,0,0,0,0,0,0,0,'',0,0,0,''),(107,3,'1.0','','6.75',0,0,0,0,0,0,0,0,'',0,0,0,''),(108,3,'1.0','','7.00',0,0,0,0,0,0,0,0,'',0,0,0,''),(109,3,'1.0','','7.25',0,0,0,0,0,0,0,0,'',0,0,0,''),(110,3,'1.0','','7.50',0,0,0,0,0,0,0,0,'',0,0,0,''),(111,3,'1.0','','7.75',0,0,0,0,0,0,0,0,'',0,0,0,''),(112,3,'1.0','','8.00',0,0,0,0,0,0,0,0,'',0,0,0,''),(113,3,'1.0','','8.25',0,0,0,0,0,0,0,0,'',0,0,0,''),(114,3,'1.0','','8.50',0,0,0,0,0,0,0,0,'',0,0,0,''),(115,3,'1.0','','8.75',0,0,0,0,0,0,0,0,'',0,0,0,''),(116,3,'1.0','','9.00',0,0,0,0,0,0,0,0,'',0,0,0,''),(117,3,'1.0','','9.25',0,0,0,0,0,0,0,0,'',0,0,0,''),(118,3,'1.0','','9.50',0,0,0,0,0,0,0,0,'',0,0,0,''),(119,3,'1.0','','9.75',0,0,0,0,0,0,0,0,'',0,0,0,''),(120,3,'1.0','','10.00',0,0,0,0,0,0,0,0,'',0,0,0,''),(121,4,'1.0','ok nhe','0.25',1,1,1,0,0,0,0,0,'',0,0,0,'ok'),(122,4,'1.0','','0.50',0,0,0,0,0,0,0,0,'',0,0,0,''),(123,4,'1.0','','0.75',0,0,0,0,0,0,0,0,'',0,0,0,''),(124,4,'1.0','','1.00',0,0,0,0,0,0,0,0,'',0,0,0,''),(125,4,'1.0','','1.25',0,0,0,0,0,0,0,0,'',0,0,0,''),(126,4,'1.0','','1.50',0,0,0,0,0,0,0,1,'',0,0,0,''),(127,4,'1.0','','1.75',0,0,0,0,0,0,0,0,'',0,0,0,''),(128,4,'1.0','','2.00',0,0,0,0,0,0,0,0,'',0,0,0,''),(129,4,'1.0','','2.25',0,0,0,0,0,0,0,0,'',0,0,0,''),(130,4,'1.0','','2.50',0,0,0,0,0,0,0,0,'',0,0,0,''),(131,4,'1.0','','2.75',0,0,0,0,0,0,0,0,'',0,0,0,''),(132,4,'1.0','','3.00',0,0,0,0,0,0,0,0,'',0,0,0,''),(133,4,'1.0','','3.25',0,0,0,0,0,0,0,0,'',0,0,0,''),(134,4,'1.0','','3.50',0,0,0,0,0,0,0,0,'',0,0,0,''),(135,4,'1.0','','3.75',0,0,0,0,0,0,0,0,'',0,0,0,''),(136,4,'1.0','','4.00',0,0,0,0,0,0,0,0,'',0,0,0,''),(137,4,'1.0','','4.25',0,0,0,0,0,0,0,0,'',0,0,0,''),(138,4,'1.0','','4.50',0,0,0,0,0,0,0,0,'',0,0,0,''),(139,4,'1.0','','4.75',0,0,0,0,0,0,0,0,'',0,0,0,''),(140,4,'1.0','','5.00',0,0,0,0,0,0,0,0,'',0,0,0,''),(141,4,'1.0','','5.25',0,0,0,0,0,0,0,0,'',0,0,0,''),(142,4,'1.0','','5.50',0,0,0,0,0,0,0,0,'',0,0,0,''),(143,4,'1.0','','5.75',0,0,0,0,0,0,0,0,'',0,0,0,''),(144,4,'1.0','','6.00',0,0,0,0,0,0,0,0,'',0,0,0,''),(145,4,'1.0','','6.25',0,0,0,0,0,0,0,0,'',0,0,0,''),(146,4,'1.0','','6.50',0,0,0,0,0,0,0,0,'',0,0,0,''),(147,4,'1.0','','6.75',0,0,0,0,0,0,0,0,'',0,0,0,''),(148,4,'1.0','','7.00',0,0,0,0,0,0,0,0,'',0,0,0,''),(149,4,'1.0','','7.25',0,0,0,0,0,0,0,0,'',0,0,0,''),(150,4,'1.0','','7.50',0,0,0,0,0,0,0,0,'',0,0,0,''),(151,4,'1.0','','7.75',0,0,0,0,0,0,0,0,'',0,0,0,''),(152,4,'1.0','','8.00',0,0,0,0,0,0,0,0,'',0,0,0,''),(153,4,'1.0','','8.25',0,0,0,0,0,0,0,0,'',0,0,0,''),(154,4,'1.0','','8.50',0,0,0,0,0,0,0,0,'',0,0,0,''),(155,4,'1.0','','8.75',0,0,0,0,0,0,0,0,'',0,0,0,''),(156,4,'1.0','','9.00',0,0,0,0,0,0,0,0,'',0,0,0,''),(157,4,'1.0','','9.25',0,0,0,0,0,0,0,0,'',0,0,0,''),(158,4,'1.0','','9.50',0,0,0,0,0,0,0,0,'',0,0,0,''),(159,4,'1.0','','9.75',0,0,0,0,0,0,0,0,'',0,0,0,''),(160,4,'1.0','','10.00',0,0,0,0,0,0,0,0,'',0,0,0,''),(161,5,'1.0','4.0','0.25',0,0,0,0,0,0,0,0,'',0,0,0,''),(162,5,'1.0','9.0','0.50',0,0,0,0,0,0,0,0,'',0,0,0,''),(163,5,'1.0','3.0','0.75',0,0,0,0,0,0,0,0,'',0,0,0,''),(164,5,'1.0','3.0','1.00',0,0,0,0,0,0,0,0,'',0,0,0,''),(165,5,'1.0','3.0','1.25',0,0,0,0,0,0,0,0,'',0,0,0,''),(166,5,'1.0','3.0','1.50',0,0,0,0,0,0,0,0,'',0,0,0,''),(167,5,'1.0','3.0','1.75',0,0,0,0,0,0,0,0,'',0,0,0,''),(168,5,'1.0','3.0','2.00',0,0,0,0,0,0,0,0,'',0,0,0,''),(169,5,'1.0','3.0','2.25',0,0,0,0,0,0,0,0,'',0,0,0,''),(170,5,'1.0','3.0','2.50',0,0,0,0,0,0,0,0,'',0,0,0,''),(171,5,'1.0','3.0','2.75',0,0,0,0,0,0,0,0,'',0,0,0,''),(172,5,'1.0','3.0','3.00',0,0,0,0,0,0,0,0,'',0,0,0,''),(173,5,'1.0','3.0','3.25',0,0,0,0,0,0,0,0,'',0,0,0,''),(174,5,'1.0','3.0','3.50',0,0,0,0,0,0,0,0,'',0,0,0,''),(175,5,'1.0','3.0','3.75',0,0,0,0,0,0,0,0,'',0,0,0,''),(176,5,'1.0','3.0','4.00',0,0,0,0,0,0,0,0,'',0,0,0,''),(177,5,'1.0','3.0','4.25',0,0,0,0,0,0,0,0,'',0,0,0,''),(178,5,'1.0','3.0','4.50',0,0,0,0,0,0,0,0,'',0,0,0,''),(179,5,'1.0','3.0','4.75',0,0,0,0,0,0,0,0,'',0,0,0,''),(180,5,'1.0','3.0','5.00',0,0,0,0,0,0,0,0,'',0,0,0,''),(181,5,'1.0','3.0','5.25',0,0,0,0,0,0,0,0,'',0,0,0,''),(182,5,'1.0','3.0','5.50',0,0,0,0,0,0,0,0,'',0,0,0,''),(183,5,'1.0','3.0','5.75',0,0,0,0,0,0,0,0,'',0,0,0,''),(184,5,'1.0','3.0','6.00',0,0,0,0,0,0,0,0,'',0,0,0,''),(185,5,'1.0','3.0','6.25',0,0,0,0,0,0,0,0,'',0,0,0,''),(186,5,'1.0','3.0','6.50',0,0,0,0,0,0,0,0,'',0,0,0,''),(187,5,'1.0','3.0','6.75',0,0,0,0,0,0,0,0,'',0,0,0,''),(188,5,'1.0','3.0','7.00',0,0,0,0,0,0,0,0,'',0,0,0,''),(189,5,'1.0','3.0','7.25',0,0,0,0,0,0,0,0,'',0,0,0,''),(190,5,'1.0','3.0','7.50',0,0,0,0,0,0,0,0,'',0,0,0,''),(191,5,'1.0','3.0','7.75',0,0,0,0,0,0,0,0,'',0,0,0,''),(192,5,'1.0','3.0','8.00',0,0,0,0,0,0,0,0,'',0,0,0,''),(193,5,'1.0','3.0','8.25',0,0,0,0,0,0,0,0,'',0,0,0,''),(194,5,'1.0','3.0','8.50',0,0,0,0,0,0,0,0,'',0,0,0,''),(195,5,'1.0','3.0','8.75',0,0,0,0,0,0,0,0,'',0,0,0,''),(196,5,'1.0','3.0','9.00',0,0,0,0,0,0,0,0,'',0,0,0,''),(197,5,'1.0','3.0','9.25',0,0,0,0,0,0,0,0,'',0,0,0,''),(198,5,'1.0','3.0','9.50',0,0,0,0,0,0,0,0,'',0,0,0,''),(199,5,'1.0','3.0','9.75',0,0,0,0,0,0,0,0,'',0,0,0,''),(200,5,'1.0','3.0','10.00',0,0,0,0,0,0,0,0,'',0,0,0,''),(201,6,'','','0.25',0,0,0,0,0,0,0,0,'',0,0,0,''),(202,6,'','','0.50',0,0,0,0,0,0,0,0,'',0,0,0,''),(203,6,'','','0.75',0,0,0,0,0,0,0,0,'',0,0,0,''),(204,6,'','','1.00',0,0,0,0,0,0,0,0,'',0,0,0,''),(205,6,'','','1.25',0,0,0,0,0,0,0,0,'',0,0,0,''),(206,6,'','','1.50',0,0,0,0,0,0,0,0,'',0,0,0,''),(207,6,'','','1.75',0,0,0,0,0,0,0,0,'',0,0,0,''),(208,6,'','','2.00',0,0,0,0,0,0,0,0,'',0,0,0,''),(209,6,'','','2.25',0,0,0,0,0,0,0,0,'',0,0,0,''),(210,6,'','','2.50',0,0,0,0,0,0,0,0,'',0,0,0,''),(211,6,'','','2.75',0,0,0,0,0,0,0,0,'',0,0,0,''),(212,6,'','','3.00',0,0,0,0,0,0,0,0,'',0,0,0,''),(213,6,'','','3.25',0,0,0,0,0,0,0,0,'',0,0,0,''),(214,6,'','','3.50',0,0,0,0,0,0,0,0,'',0,0,0,''),(215,6,'','','3.75',0,0,0,0,0,0,0,0,'',0,0,0,''),(216,6,'','','4.00',0,0,0,0,0,0,0,0,'',0,0,0,''),(217,6,'','','4.25',0,0,0,0,0,0,0,0,'',0,0,0,''),(218,6,'','','4.50',0,0,0,0,0,0,0,0,'',0,0,0,''),(219,6,'','','4.75',0,0,0,0,0,0,0,0,'',0,0,0,''),(220,6,'','','5.00',0,0,0,0,0,0,0,0,'',0,0,0,''),(221,6,'','','5.25',0,0,0,0,0,0,0,0,'',0,0,0,''),(222,6,'','','5.50',0,0,0,0,0,0,0,0,'',0,0,0,''),(223,6,'','','5.75',0,0,0,0,0,0,0,0,'',0,0,0,''),(224,6,'','','6.00',0,0,0,0,0,0,0,0,'',0,0,0,''),(225,6,'','','6.25',0,0,0,0,0,0,0,0,'',0,0,0,''),(226,6,'','','6.50',0,0,0,0,0,0,0,0,'',0,0,0,''),(227,6,'','','6.75',0,0,0,0,0,0,0,0,'',0,0,0,''),(228,6,'','','7.00',0,0,0,0,0,0,0,0,'',0,0,0,''),(229,6,'','','7.25',0,0,0,0,0,0,0,0,'',0,0,0,''),(230,6,'','','7.50',0,0,0,0,0,0,0,0,'',0,0,0,''),(231,6,'','','7.75',0,0,0,0,0,0,0,0,'',0,0,0,''),(232,6,'','','8.00',0,0,0,0,0,0,0,0,'',0,0,0,''),(233,6,'','','8.25',0,0,0,0,0,0,0,0,'',0,0,0,''),(234,6,'','','8.50',0,0,0,0,0,0,0,0,'',0,0,0,''),(235,6,'','','8.75',0,0,0,0,0,0,0,0,'',0,0,0,''),(236,6,'','','9.00',0,0,0,0,0,0,0,0,'',0,0,0,''),(237,6,'','','9.25',0,0,0,0,0,0,0,0,'',0,0,0,''),(238,6,'','','9.50',0,0,0,0,0,0,0,0,'',0,0,0,''),(239,6,'','','9.75',0,0,0,0,0,0,0,0,'',0,0,0,''),(240,6,'','','10.00',0,0,0,0,0,0,0,0,'',0,0,0,''),(241,7,'','','0.25',1,1,1,0,0,0,0,0,'',0,0,0,''),(242,7,'','','0.50',0,0,0,0,0,0,0,0,'',0,0,0,''),(243,7,'','','0.75',0,0,0,0,0,0,0,0,'',0,0,0,''),(244,7,'','','1.00',0,0,0,0,0,0,0,0,'',0,0,0,''),(245,7,'','','1.25',0,0,0,0,0,0,0,0,'',0,0,0,''),(246,7,'','','1.50',0,0,0,0,0,0,0,0,'',0,0,0,''),(247,7,'','','1.75',0,0,0,0,0,0,0,0,'',0,0,0,''),(248,7,'','','2.00',0,0,0,0,0,0,0,0,'',0,0,0,''),(249,7,'','','2.25',0,0,0,0,0,0,0,0,'',0,0,0,''),(250,7,'','','2.50',0,0,0,0,0,0,0,0,'',0,0,0,''),(251,7,'','','2.75',0,0,0,0,0,0,0,0,'',0,0,0,''),(252,7,'','','3.00',0,0,0,0,0,0,0,0,'',0,0,0,''),(253,7,'','','3.25',0,0,0,0,0,0,0,0,'',0,0,0,''),(254,7,'','','3.50',0,0,0,0,0,0,0,0,'',0,0,0,''),(255,7,'','','3.75',0,0,0,0,0,0,0,0,'',0,0,0,''),(256,7,'','','4.00',0,0,0,0,0,0,0,0,'',0,0,0,''),(257,7,'','','4.25',0,0,0,0,0,0,0,0,'',0,0,0,''),(258,7,'','','4.50',0,0,0,0,0,0,0,0,'',0,0,0,''),(259,7,'','','4.75',0,0,0,0,0,0,0,0,'',0,0,0,''),(260,7,'','','5.00',0,0,0,0,0,0,0,0,'',0,0,0,''),(261,7,'','','5.25',0,0,0,0,0,0,0,0,'',0,0,0,''),(262,7,'','','5.50',0,0,0,0,0,0,0,0,'',0,0,0,''),(263,7,'','','5.75',0,0,0,0,0,0,0,0,'',0,0,0,''),(264,7,'','','6.00',0,0,0,0,0,0,0,0,'',0,0,0,''),(265,7,'','','6.25',0,0,0,0,0,0,0,0,'',0,0,0,''),(266,7,'','','6.50',0,0,0,0,0,0,0,0,'',0,0,0,''),(267,7,'','','6.75',0,0,0,0,0,0,0,0,'',0,0,0,''),(268,7,'','','7.00',0,0,0,0,0,0,0,0,'',0,0,0,''),(269,7,'','','7.25',0,0,0,0,0,0,0,0,'',0,0,0,''),(270,7,'','','7.50',0,0,0,0,0,0,0,0,'',0,0,0,''),(271,7,'','','7.75',0,0,0,0,0,0,0,0,'',0,0,0,''),(272,7,'','','8.00',0,0,0,0,0,0,0,0,'',0,0,0,''),(273,7,'','','8.25',0,0,0,0,0,0,0,0,'',0,0,0,''),(274,7,'','','8.50',0,0,0,0,0,0,0,0,'',0,0,0,''),(275,7,'','','8.75',0,0,0,0,0,0,0,0,'',0,0,0,''),(276,7,'','','9.00',0,0,0,0,0,0,0,0,'',0,0,0,''),(277,7,'','','9.25',0,0,0,0,0,0,0,0,'',0,0,0,''),(278,7,'','','9.50',0,0,0,0,0,0,0,0,'',0,0,0,''),(279,7,'','','9.75',0,0,0,0,0,0,0,0,'',0,0,0,''),(280,7,'','','10.00',0,0,0,0,0,0,0,0,'',0,0,0,''),(281,8,'','','0.25',1,1,0,0,0,0,0,0,'',0,0,0,''),(282,8,'','','0.50',1,1,0,0,0,0,0,0,'',0,0,0,''),(283,8,'','','0.75',0,0,0,0,0,0,0,0,'',0,0,0,''),(284,8,'','','1.00',0,0,0,0,0,0,0,0,'',0,0,0,''),(285,8,'','','1.25',0,0,0,0,0,0,0,0,'',0,0,0,''),(286,8,'','','1.50',0,0,0,0,0,0,0,0,'',0,0,0,''),(287,8,'','','1.75',0,0,0,0,0,0,0,0,'',0,0,0,''),(288,8,'','','2.00',0,0,0,0,0,0,0,0,'',0,0,0,''),(289,8,'','','2.25',0,0,0,0,0,0,0,0,'',0,0,0,''),(290,8,'','','2.50',0,0,0,0,0,0,0,0,'',0,0,0,''),(291,8,'','','2.75',0,0,0,0,0,0,0,0,'',0,0,0,''),(292,8,'','','3.00',0,0,0,0,0,0,0,0,'',0,0,0,''),(293,8,'','','3.25',0,0,0,0,0,0,0,0,'',0,0,0,''),(294,8,'','','3.50',0,0,0,0,0,0,0,0,'',0,0,0,''),(295,8,'','','3.75',0,0,0,0,0,0,0,0,'',0,0,0,''),(296,8,'','','4.00',0,0,0,0,0,0,0,0,'',0,0,0,''),(297,8,'','','4.25',0,0,0,0,0,0,0,0,'',0,0,0,''),(298,8,'','','4.50',0,0,0,0,0,0,0,0,'',0,0,0,''),(299,8,'','','4.75',0,0,0,0,0,0,0,0,'',0,0,0,''),(300,8,'','','5.00',0,0,0,0,0,0,0,0,'',0,0,0,''),(301,8,'','','5.25',0,0,0,0,0,0,0,0,'',0,0,0,''),(302,8,'','','5.50',0,0,0,0,0,0,0,0,'',0,0,0,''),(303,8,'','','5.75',0,0,0,0,0,0,0,0,'',0,0,0,''),(304,8,'','','6.00',0,0,0,0,0,0,0,0,'',0,0,0,''),(305,8,'','','6.25',0,0,0,0,0,0,0,0,'',0,0,0,''),(306,8,'','','6.50',0,0,0,0,0,0,0,0,'',0,0,0,''),(307,8,'','','6.75',0,0,0,0,0,0,0,0,'',0,0,0,''),(308,8,'','','7.00',0,0,0,0,0,0,0,0,'',0,0,0,''),(309,8,'','','7.25',0,0,0,0,0,0,0,0,'',0,0,0,''),(310,8,'','','7.50',0,0,0,0,0,0,0,0,'',0,0,0,''),(311,8,'','','7.75',0,0,0,0,0,0,0,0,'',0,0,0,''),(312,8,'','','8.00',0,0,0,0,0,0,0,0,'',0,0,0,''),(313,8,'','','8.25',0,0,0,0,0,0,0,0,'',0,0,0,''),(314,8,'','','8.50',0,0,0,0,0,0,0,0,'',0,0,0,''),(315,8,'','','8.75',0,0,0,0,0,0,0,0,'',0,0,0,''),(316,8,'','','9.00',0,0,0,0,0,0,0,0,'',0,0,0,''),(317,8,'','','9.25',0,0,0,0,0,0,0,0,'',0,0,0,''),(318,8,'','','9.50',0,0,0,0,0,0,0,0,'',0,0,0,''),(319,8,'','','9.75',0,0,0,0,0,0,0,0,'',0,0,0,''),(320,8,'','','10.00',0,0,0,0,0,0,0,0,'',0,0,0,''),(321,9,'','','0.25',1,1,1,0,0,0,0,0,'',0,0,0,''),(322,9,'','','0.50',0,0,0,0,0,0,0,0,'',0,0,0,''),(323,9,'','','0.75',0,0,0,0,0,0,0,0,'',0,0,0,''),(324,9,'','','1.00',0,0,0,0,0,0,0,0,'',0,0,0,''),(325,9,'','','1.25',0,0,0,0,0,0,0,0,'',0,0,0,''),(326,9,'','','1.50',0,0,0,0,0,0,0,0,'',0,0,0,''),(327,9,'','','1.75',0,0,0,0,0,0,0,0,'',0,0,0,''),(328,9,'','','2.00',0,0,0,0,0,0,0,0,'',0,0,0,''),(329,9,'','','2.25',0,0,0,0,0,0,0,0,'',0,0,0,''),(330,9,'','','2.50',0,0,0,0,0,0,0,0,'',0,0,0,''),(331,9,'','','2.75',0,0,0,0,0,0,0,0,'',0,0,0,''),(332,9,'','','3.00',0,0,0,0,0,0,0,0,'',0,0,0,''),(333,9,'','','3.25',0,0,0,0,0,0,0,0,'',0,0,0,''),(334,9,'','','3.50',0,0,0,0,0,0,0,0,'',0,0,0,''),(335,9,'','','3.75',0,0,0,0,0,0,0,0,'',0,0,0,''),(336,9,'','','4.00',0,0,0,0,0,0,0,0,'',0,0,0,''),(337,9,'','','4.25',0,0,0,0,0,0,0,0,'',0,0,0,''),(338,9,'','','4.50',0,0,0,0,0,0,0,0,'',0,0,0,''),(339,9,'','','4.75',0,0,0,0,0,0,0,0,'',0,0,0,''),(340,9,'','','5.00',0,0,0,0,0,0,0,0,'',0,0,0,''),(341,9,'','','5.25',0,0,0,0,0,0,0,0,'',0,0,0,''),(342,9,'','','5.50',0,0,0,0,0,0,0,0,'',0,0,0,''),(343,9,'','','5.75',0,0,0,0,0,0,0,0,'',0,0,0,''),(344,9,'','','6.00',0,0,0,0,0,0,0,0,'',0,0,0,''),(345,9,'','','6.25',0,0,0,0,0,0,0,0,'',0,0,0,''),(346,9,'','','6.50',0,0,0,0,0,0,0,0,'',0,0,0,''),(347,9,'','','6.75',0,0,0,0,0,0,0,0,'',0,0,0,''),(348,9,'','','7.00',0,0,0,0,0,0,0,0,'',0,0,0,''),(349,9,'','','7.25',0,0,0,0,0,0,0,0,'',0,0,0,''),(350,9,'','','7.50',0,0,0,0,0,0,0,0,'',0,0,0,''),(351,9,'','','7.75',0,0,0,0,0,0,0,0,'',0,0,0,''),(352,9,'','','8.00',0,0,0,0,0,0,0,0,'',0,0,0,''),(353,9,'','','8.25',0,0,0,0,0,0,0,0,'',0,0,0,''),(354,9,'','','8.50',0,0,0,0,0,0,0,0,'',0,0,0,''),(355,9,'','','8.75',0,0,0,0,0,0,0,0,'',0,0,0,''),(356,9,'','','9.00',0,0,0,0,0,0,0,0,'',0,0,0,''),(357,9,'','','9.25',0,0,0,0,0,0,0,0,'',0,0,0,''),(358,9,'','','9.50',0,0,0,0,0,0,0,0,'',0,0,0,''),(359,9,'','','9.75',0,0,0,0,0,0,0,0,'',0,0,0,''),(360,9,'','','10.00',0,0,0,0,0,0,0,0,'',0,0,0,'');
/*!40000 ALTER TABLE `survey_info_wsw` ENABLE KEYS */;
UNLOCK TABLES;

--
-- Table structure for table `tb_address`
--

DROP TABLE IF EXISTS `tb_address`;
/*!40101 SET @saved_cs_client     = @@character_set_client */;
/*!40101 SET character_set_client = utf8 */;
CREATE TABLE `tb_address` (
  `addressId` int(11) NOT NULL AUTO_INCREMENT,
  `postalCode` varchar(256) CHARACTER SET utf8 DEFAULT NULL,
  `province` varchar(256) CHARACTER SET utf8 DEFAULT NULL,
  `city` varchar(256) CHARACTER SET utf8 DEFAULT NULL,
  `streetAddress` varchar(256) CHARACTER SET utf8 DEFAULT NULL,
  `buildingName` varchar(256) CHARACTER SET utf8 DEFAULT NULL,
  `latitude` double DEFAULT NULL,
  `longitute` double DEFAULT NULL,
  PRIMARY KEY (`addressId`)
) ENGINE=InnoDB AUTO_INCREMENT=3 DEFAULT CHARSET=latin1;
/*!40101 SET character_set_client = @saved_cs_client */;

--
-- Dumping data for table `tb_address`
--

LOCK TABLES `tb_address` WRITE;
/*!40000 ALTER TABLE `tb_address` DISABLE KEYS */;
INSERT INTO `tb_address` VALUES (1,'103-0000','東京都','中央区','中央区','abc',NULL,NULL),(2,'103-0027','東京都','中央区','中央区日本橋','日本橋',NULL,NULL);
/*!40000 ALTER TABLE `tb_address` ENABLE KEYS */;
UNLOCK TABLES;

--
-- Table structure for table `tb_article`
--

DROP TABLE IF EXISTS `tb_article`;
/*!40101 SET @saved_cs_client     = @@character_set_client */;
/*!40101 SET character_set_client = utf8 */;
CREATE TABLE `tb_article` (
  `id` varchar(45) NOT NULL,
  `title` varchar(45) CHARACTER SET utf8 NOT NULL,
  `createTime` datetime NOT NULL DEFAULT CURRENT_TIMESTAMP,
  `createBy` varchar(45) NOT NULL COMMENT 'user email',
  PRIMARY KEY (`id`)
) ENGINE=InnoDB DEFAULT CHARSET=latin1;
/*!40101 SET character_set_client = @saved_cs_client */;

--
-- Dumping data for table `tb_article`
--

LOCK TABLES `tb_article` WRITE;
/*!40000 ALTER TABLE `tb_article` DISABLE KEYS */;
INSERT INTO `tb_article` VALUES ('06d3e127222102395f7d0ad31e630f8e','取引先の登録','2018-11-02 11:46:11','test@gmail.com'),('10529083f06494d49f3d385eee7a182d','ナレッジベースについて','2018-11-07 10:07:42','test@gmail.com'),('19377d31acd5e005a2653bcb901e916d','地盤適合耐震住宅','2019-02-21 17:04:25','test@jibannet.co.jp'),('268c29f98a8e685aa3b0687edc3b5d8d','タイトルテスト','2018-11-16 00:19:03','test@gmail.com'),('2ff120de1b571dd19a8eb7251d3185d8','地盤ネットのアプリケーション','2018-11-15 16:21:00','test@gmail.com'),('ef8d2e643060d4e0e5176823c4341c91','test123','2018-12-15 01:23:47','test@gmail.com');
/*!40000 ALTER TABLE `tb_article` ENABLE KEYS */;
UNLOCK TABLES;

--
-- Table structure for table `tb_article_details`
--

DROP TABLE IF EXISTS `tb_article_details`;
/*!40101 SET @saved_cs_client     = @@character_set_client */;
/*!40101 SET character_set_client = utf8 */;
CREATE TABLE `tb_article_details` (
  `id` int(11) NOT NULL AUTO_INCREMENT,
  `articleId` varchar(45) NOT NULL,
  `type` varchar(45) CHARACTER SET utf8 NOT NULL,
  `seq` int(11) NOT NULL,
  `val1` text CHARACTER SET utf8,
  `val2` text CHARACTER SET utf8,
  PRIMARY KEY (`id`)
) ENGINE=InnoDB AUTO_INCREMENT=649 DEFAULT CHARSET=latin1;
/*!40101 SET character_set_client = @saved_cs_client */;

--
-- Dumping data for table `tb_article_details`
--

LOCK TABLES `tb_article_details` WRITE;
/*!40000 ALTER TABLE `tb_article_details` DISABLE KEYS */;
INSERT INTO `tb_article_details` VALUES (324,'06d3e127222102395f7d0ad31e630f8e','contentCol',1,'<div style=\"font-family: sans-serif;\">æ–°è¦å–å¼•å…ˆã‚’ç™»éŒ²ã—ã¾ã™</div><div style=\"font-family: sans-serif;\"><br></div><div style=\"font-family: sans-serif;\">2) ä¸Šã®ã‚¿ã‚¤ãƒˆãƒ«ã‚‚ç·¨é›†å¯èƒ½ã§ã™ã€‚</div><div style=\"font-family: sans-serif;\"><br></div><div style=\"font-family: sans-serif;\">3) ã‚¿ã‚°ã‚’è¿½åŠ ã™ã‚‹ã¨ã€ãƒ¡ãƒ‹ãƒ¥ãƒ¼ã«åæ˜ ã•ã‚Œã¾ã™ã€‚</div><div style=\"font-family: sans-serif;\"><br></div><div style=\"font-family: sans-serif;\">4) ã‚¿ã‚°ã®æ–‡å­—ã‚’ç©ºã«ã™ã‚‹ã¨ã€ã‚¿ã‚°ã¯å‰Šé™¤ã•ã‚Œã¾ã™ã€‚</div>',''),(410,'null','subtitleCol',1,'iOS 向けアプリケーション',''),(411,'null','subtitleCol',2,'Android 向けアプリ',''),(412,'null','subtitleCol',3,'ウェッブ・アプリケーション',''),(413,'null','subtitleCol',4,'業務支援、小物アプリケーション',''),(419,'10529083f06494d49f3d385eee7a182d','subtitleCol',1,'ねらい：人とビジネスの成長を目指して',''),(420,'10529083f06494d49f3d385eee7a182d','contentCol',2,'このナレッジベースは、SJS2&nbsp;(Super Jiban System Version 2.0)&nbsp;システムを使う時に必要なあらゆる情報を提供するのが目的です。<div>加えて、ユーザーと共に成長し、業務を進化させ、拡大させ、新しいビジネスを創生する基盤となることを目指しています。<br><div>当面、ユーザーは地盤ネットのスタッフに限定します。</div><div>情報が蓄積され、アクセス権を実装したのち、SJS2 を使う外部のユーザーにも開放する予定です。</div></div>',''),(421,'10529083f06494d49f3d385eee7a182d','subtitleCol',3,'ナレッジベースの特徴：知識を超えて',''),(422,'10529083f06494d49f3d385eee7a182d','contentCol',4,'従来にない方式で、タグを中心に分類、表示します。<div>タグはいつでも作成、変更、削除できます。</div><div>情報量の多寡に応じて、タグを追加、整理し、使いながらダイナミックにナレッジベースの構成を変更できます。</div><div>固定された分類にとらわれずに、情報を編集、分類できるのが最大の特徴です。</div><div>この単純な構成が、ユーザーの参加、情報提供、課題可決能力の向上に寄与します。</div><div>名前はナレッジベースですが、内実はインテリジェントベースです。</div>',''),(423,'10529083f06494d49f3d385eee7a182d','subtitleCol',5,'誰でも参加できます、そして成長します',''),(424,'10529083f06494d49f3d385eee7a182d','contentCol',6,'ここが肝です。システム構築の次の課題はユーザーを教育することです。<div>教育とは教えることだけではなく、新しい世界へ連れ出すことです。</div><div>ユーザーが新しいシステムを使い、これまでと違う仕事の進め方をするようになる事が重要です。</div><div>そのためには、小さな成功体験、「できた！」という単純な達成感が必要です。それが次の達成感への架け橋になります。その連続で、ある時、目からウロコが落ちるように、新しい世界にいることを知るのです。</div><div>スタッフ＝ユーザーの成長は、このようにして実現します。このシステムは、驚きと、小さな達成感を演出するように設計し、実現しなければなりません。</div><div>使う度に、新しい何かがありそう！　というワクワク感がなければ、使ってもらえません。</div><div>システムは決して止まらず、日々新しくなり、変容していくのはそのためなのです。</div>',''),(629,'2ff120de1b571dd19a8eb7251d3185d8','subtitleCol',1,'iOS 向けアプリケーション',''),(630,'2ff120de1b571dd19a8eb7251d3185d8','subtitleCol',2,'Android 向けアプリ',''),(631,'2ff120de1b571dd19a8eb7251d3185d8','subtitleCol',3,'ウェッブ・アプリケーション',''),(632,'2ff120de1b571dd19a8eb7251d3185d8','subtitleCol',4,'業務支援、小物アプリケーション',''),(642,'268c29f98a8e685aa3b0687edc3b5d8d','subtitleCol',1,'サブタイトル１',''),(643,'268c29f98a8e685aa3b0687edc3b5d8d','contentCol',2,'本文４s',''),(644,'268c29f98a8e685aa3b0687edc3b5d8d','subtitleCol',3,'サブタイトル２',''),(645,'268c29f98a8e685aa3b0687edc3b5d8d','contentCol',4,'サブタイトル３',''),(646,'268c29f98a8e685aa3b0687edc3b5d8d','contentCol',5,'本文３',''),(647,'268c29f98a8e685aa3b0687edc3b5d8d','linkCol',6,'\\\\192.168.1.21システム■情報システム定例会',''),(648,'19377d31acd5e005a2653bcb901e916d','contentCol',1,'いつまでも安心して住み続けられる家','');
/*!40000 ALTER TABLE `tb_article_details` ENABLE KEYS */;
UNLOCK TABLES;

--
-- Table structure for table `tb_bank_account`
--

DROP TABLE IF EXISTS `tb_bank_account`;
/*!40101 SET @saved_cs_client     = @@character_set_client */;
/*!40101 SET character_set_client = utf8 */;
CREATE TABLE `tb_bank_account` (
  `id` int(11) NOT NULL AUTO_INCREMENT,
  `bankName` varchar(45) NOT NULL COMMENT '銀行名',
  `bankCode` varchar(45) NOT NULL COMMENT '銀行コード',
  `branchName` varchar(45) NOT NULL COMMENT '支店名',
  `branchCode` varchar(45) NOT NULL COMMENT '支店コード',
  `accountClassification` varchar(45) NOT NULL COMMENT '口座区分',
  `accountNumber` varchar(45) NOT NULL COMMENT '口座番号',
  `accountHolder` varchar(45) NOT NULL COMMENT '口座名義',
  PRIMARY KEY (`id`)
) ENGINE=InnoDB DEFAULT CHARSET=latin1;
/*!40101 SET character_set_client = @saved_cs_client */;

--
-- Dumping data for table `tb_bank_account`
--

LOCK TABLES `tb_bank_account` WRITE;
/*!40000 ALTER TABLE `tb_bank_account` DISABLE KEYS */;
/*!40000 ALTER TABLE `tb_bank_account` ENABLE KEYS */;
UNLOCK TABLES;

--
-- Table structure for table `tb_comment_survey`
--

DROP TABLE IF EXISTS `tb_comment_survey`;
/*!40101 SET @saved_cs_client     = @@character_set_client */;
/*!40101 SET character_set_client = utf8 */;
CREATE TABLE `tb_comment_survey` (
  `id` int(11) NOT NULL AUTO_INCREMENT,
  `surveyId` int(11) NOT NULL,
  `userId` varchar(11) NOT NULL,
  `comment` text CHARACTER SET utf8 NOT NULL,
  `created` timestamp NOT NULL DEFAULT CURRENT_TIMESTAMP ON UPDATE CURRENT_TIMESTAMP,
  PRIMARY KEY (`id`)
) ENGINE=InnoDB AUTO_INCREMENT=543 DEFAULT CHARSET=latin1;
/*!40101 SET character_set_client = @saved_cs_client */;

--
-- Dumping data for table `tb_comment_survey`
--

LOCK TABLES `tb_comment_survey` WRITE;
/*!40000 ALTER TABLE `tb_comment_survey` DISABLE KEYS */;
INSERT INTO `tb_comment_survey` VALUES (501,8,'1234567890','test comment','2019-08-21 01:14:53'),(505,8,'1234567890','友光顧問\n\nお疲れ様です。\n\n印刷機能はcssであれば、そんなに時間がかかりません。\nもっと複雑なやり方でしようとしました。\n\n１）ダッシュボード\n２）地盤安心住宅申込書\n３）調査会社とのやり取（申込、調整、発注）\nの辺はもう少ししましたら、完成できます。\n\n進捗を早める方策の件、了解しました。\n改善します。','2019-08-22 01:09:13'),(506,20,'9999999999','〇〇ビルダー様\n\n下記の日程で地盤調査を実施できます。\n\n\n調査日：2019年　月　日\n時間　：午前10時より','2019-08-23 07:12:25'),(508,20,'9999999999','〇〇調査会社様\n\n下記の日程で地盤調査を発注します。\n\n\n調査日：2019年　月　日\n時間　：午前10時より','2019-08-24 13:16:47'),(529,16,'8888888888','Test','2019-08-24 15:29:03'),(534,16,'8888888888','OK','2019-08-24 15:38:45'),(535,16,'1234567890','TEST','2019-08-24 15:39:18'),(536,16,'8888888888','OK','2019-08-24 15:39:37'),(537,20,'9999999999','tesst','2019-08-24 15:52:59'),(538,20,'8888888888','tesst builder','2019-08-24 15:53:37'),(539,20,'9999999999','〇〇調査会社様\n\n下記の日程で地盤調査を発注します。\n\n\n調査日：2019年　月　日\n時間　：午前10時より','2019-08-24 16:08:09'),(540,20,'8888888888','〇〇調査会社様\n\n下記の日程で地盤調査を発注します。\n\n\n調査日：2019年　月　日\n時間　：午前10時より','2019-08-24 16:09:17'),(541,20,'9999999999','〇〇ビルダー様\n\n下記の日程で地盤調査を実施しました。\n\n調査日：2019年　月　日\n時間　：午前10時より','2019-08-24 16:10:30'),(542,20,'8888888888','ありがとうございます。','2019-08-24 16:11:18');
/*!40000 ALTER TABLE `tb_comment_survey` ENABLE KEYS */;
UNLOCK TABLES;

--
-- Table structure for table `tb_company`
--

DROP TABLE IF EXISTS `tb_company`;
/*!40101 SET @saved_cs_client     = @@character_set_client */;
/*!40101 SET character_set_client = utf8 */;
CREATE TABLE `tb_company` (
  `companyId` int(11) NOT NULL AUTO_INCREMENT,
  `companyDisplayName` varchar(45) NOT NULL COMMENT '取引先の表示名',
  `companyFormalName` varchar(45) NOT NULL COMMENT '取引先の正式名称',
  `phonetic` varchar(45) NOT NULL COMMENT 'フリガナ',
  `phoneNumber` varchar(45) NOT NULL COMMENT '電話番号',
  `faxNumber` varchar(45) NOT NULL COMMENT 'FAX番号',
  `representativeEmail` varchar(45) NOT NULL COMMENT '代表eMail',
  `website` varchar(45) NOT NULL COMMENT 'web site',
  `contentOfTrans` varchar(45) NOT NULL COMMENT '取引の内容',
  `addressID` int(11) NOT NULL,
  `createDate` datetime NOT NULL DEFAULT CURRENT_TIMESTAMP,
  `createUserTemp` varchar(45) NOT NULL,
  `createUser` varchar(11) NOT NULL,
  `fcFranchiseStore` varchar(45) DEFAULT NULL COMMENT 'FC加盟店',
  `companyForm` varchar(45) DEFAULT NULL COMMENT '会社の形態',
  `representativeName` varchar(45) DEFAULT NULL COMMENT '代表者名',
  `capital` varchar(45) DEFAULT NULL COMMENT '資本金',
  `establishmentDate` datetime DEFAULT NULL COMMENT '設立日',
  `employeesNo` varchar(45) DEFAULT NULL COMMENT '社員数',
  `contactName` varchar(45) CHARACTER SET utf8 DEFAULT NULL,
  `contactInformation` text CHARACTER SET utf8,
  PRIMARY KEY (`companyId`)
) ENGINE=InnoDB AUTO_INCREMENT=12 DEFAULT CHARSET=latin1;
/*!40101 SET character_set_client = @saved_cs_client */;

--
-- Dumping data for table `tb_company`
--

LOCK TABLES `tb_company` WRITE;
/*!40000 ALTER TABLE `tb_company` DISABLE KEYS */;
INSERT INTO `tb_company` VALUES (1,'Jibannet','Jibannet','Jibangoo','0912312341','123456789','admin@sjs2.online','jibangoo.jp','warranty_request',53,'2019-07-15 13:18:32','4de1f1a32273e2e9d9281c2a6452f9a8','11',NULL,NULL,NULL,NULL,NULL,NULL,'Jibannet','123'),(2,'Company Test 1','Company Test 1','test','0123456789','0123456789','test1@gmail.com','test.jp','warranty_request',53,'2019-08-12 19:55:28','4de1f1a32273e2e9d9281c2a6452f9a8','12',NULL,NULL,NULL,NULL,NULL,NULL,'Company Test 1',NULL),(3,'Company Test 2','Company Test 2','test','0123456789','0123456789','test2@gmail.com','test.jp','warranty_request',53,'2019-08-12 19:55:28','4de1f1a32273e2e9d9281c2a6452f9a8','12',NULL,NULL,NULL,NULL,NULL,NULL,'Company Test 2',NULL),(4,'Company Test 3','Company Test 3','test','0123456789','0123456789','test2@gmail.com','test.jp','warranty_request',53,'2019-08-12 19:55:29','4de1f1a32273e2e9d9281c2a6452f9a8','12',NULL,NULL,NULL,NULL,NULL,NULL,'Company Test 3',NULL),(5,'Company Test 4','Company Test 4','test','0123456789','0123456789','test4@gmail.com','test.jp','warranty_request',53,'2019-08-12 19:55:29','4de1f1a32273e2e9d9281c2a6452f9a8','2222222222',NULL,NULL,NULL,NULL,NULL,NULL,'Company Test 4',NULL),(6,'Company Test 5','Company Test 5','test','0123456789','0123456789','test5@gmail.com','test.jp','warranty_request',53,'2019-08-12 19:55:29','4de1f1a32273e2e9d9281c2a6452f9a8','2222222222',NULL,NULL,NULL,NULL,NULL,NULL,'Company Test 5',NULL),(7,'Company Builder 1','Company Builder 1','test','0123456789','0123456789','CompanyBuilder1@sjs2.online','test.jp','warranty_request',53,'2019-08-12 19:55:29','4de1f1a32273e2e9d9281c2a6452f9a8','2222222222',NULL,NULL,NULL,NULL,NULL,NULL,'Company Builder 1',NULL),(8,'Company Survey 1','Company Survey 1','test','0123456789','0123456789','CompanySurvey1@sjs2.online','test.jp','warranty_request',53,'2019-08-12 19:55:29','4de1f1a32273e2e9d9281c2a6452f9a8','2222222222',NULL,NULL,NULL,NULL,NULL,NULL,'Company Survey 1',NULL),(9,'abc','abc','abc','0123456789','123','abc@gmail.com','abc.com','request_survey',1,'2019-10-28 16:24:58','64bd6c58fa7976c76fd82235bd663389','8888888888',NULL,NULL,NULL,NULL,NULL,NULL,NULL,NULL),(11,'Jibannet','Jibannet','Jibannet','03-123-456','092342342','Jibannet@gmail.com','Jibannet.jp','warranty_request',2,'2019-10-31 19:32:05','','1234567890','FC_franchise_store','branch_office','Jibannet','Jibannet','2019-11-27 00:00:00','Jibannet',NULL,NULL);
/*!40000 ALTER TABLE `tb_company` ENABLE KEYS */;
UNLOCK TABLES;

--
-- Table structure for table `tb_company_setting`
--

DROP TABLE IF EXISTS `tb_company_setting`;
/*!40101 SET @saved_cs_client     = @@character_set_client */;
/*!40101 SET character_set_client = utf8 */;
CREATE TABLE `tb_company_setting` (
  `id` int(11) NOT NULL AUTO_INCREMENT,
  `companyId` int(11) NOT NULL,
  `creditLimit` varchar(45) DEFAULT NULL COMMENT '与信限度額',
  `creditStatus` varchar(45) DEFAULT NULL COMMENT '与信ステータス',
  `authConfirmScreen` varchar(45) DEFAULT NULL COMMENT '確認画面',
  `authReceiptDoc` varchar(45) DEFAULT NULL COMMENT '受付書類',
  `invoiceMailingAddress` varchar(45) DEFAULT NULL,
  `personNameInCharge` varchar(45) DEFAULT NULL COMMENT '郵送先担当者名',
  `payer` varchar(45) DEFAULT NULL COMMENT '支払人',
  `billingMethod` varchar(45) DEFAULT NULL COMMENT '請求方法',
  `outputUnit` varchar(45) DEFAULT NULL COMMENT '出力単位',
  `closingClassificationDate` datetime DEFAULT NULL COMMENT '締め日区分',
  `estimatedRecoveryDate` datetime DEFAULT NULL COMMENT '回収予定日',
  `businessClassificationDate` varchar(45) DEFAULT NULL COMMENT '営業日区分',
  `bankId` int(11) DEFAULT NULL,
  PRIMARY KEY (`id`),
  UNIQUE KEY `company_id_UNIQUE` (`companyId`)
) ENGINE=InnoDB DEFAULT CHARSET=latin1;
/*!40101 SET character_set_client = @saved_cs_client */;

--
-- Dumping data for table `tb_company_setting`
--

LOCK TABLES `tb_company_setting` WRITE;
/*!40000 ALTER TABLE `tb_company_setting` DISABLE KEYS */;
/*!40000 ALTER TABLE `tb_company_setting` ENABLE KEYS */;
UNLOCK TABLES;

--
-- Table structure for table `tb_constructionplan`
--

DROP TABLE IF EXISTS `tb_constructionplan`;
/*!40101 SET @saved_cs_client     = @@character_set_client */;
/*!40101 SET character_set_client = utf8 */;
CREATE TABLE `tb_constructionplan` (
  `id` int(11) NOT NULL AUTO_INCREMENT,
  `survey_id` varchar(45) NOT NULL,
  `building_structure` text CHARACTER SET utf8,
  `number_of_floors` text CHARACTER SET utf8,
  `foundation_shape` text CHARACTER SET utf8,
  `foundation_area` text CHARACTER SET utf8,
  `necessary_ground_strength` text CHARACTER SET utf8,
  `total_building_weight` text CHARACTER SET utf8,
  `station_number` text CHARACTER SET utf8,
  `middle_layer_soil` text CHARACTER SET utf8,
  `soil_name_at_the_tip` text CHARACTER SET utf8,
  `improved_body_tip_depth` text CHARACTER SET utf8,
  `improved_ground_short_side_width` text CHARACTER SET utf8,
  `outer_circumference` text CHARACTER SET utf8,
  PRIMARY KEY (`id`)
) ENGINE=InnoDB DEFAULT CHARSET=latin1;
/*!40101 SET character_set_client = @saved_cs_client */;

--
-- Dumping data for table `tb_constructionplan`
--

LOCK TABLES `tb_constructionplan` WRITE;
/*!40000 ALTER TABLE `tb_constructionplan` DISABLE KEYS */;
/*!40000 ALTER TABLE `tb_constructionplan` ENABLE KEYS */;
UNLOCK TABLES;

--
-- Table structure for table `tb_cost_balance`
--

DROP TABLE IF EXISTS `tb_cost_balance`;
/*!40101 SET @saved_cs_client     = @@character_set_client */;
/*!40101 SET character_set_client = utf8 */;
CREATE TABLE `tb_cost_balance` (
  `id` int(11) NOT NULL AUTO_INCREMENT,
  `sales_number` text CHARACTER SET utf8,
  `sales_date` timestamp NULL DEFAULT NULL,
  `billing_date` timestamp NULL DEFAULT NULL,
  `scheduled_collection_date` timestamp NULL DEFAULT NULL,
  `deposit_balance` text CHARACTER SET utf8,
  `amount_received` text CHARACTER SET utf8,
  `Date_of_receipt` timestamp NULL DEFAULT NULL,
  `amount_carried_forward` text CHARACTER SET utf8,
  `carry_forward_date` timestamp NULL DEFAULT NULL,
  `adjustment_amount` text CHARACTER SET utf8,
  `adjustment_date` timestamp NULL DEFAULT NULL,
  `purchase_category` text CHARACTER SET utf8,
  PRIMARY KEY (`id`)
) ENGINE=InnoDB AUTO_INCREMENT=26 DEFAULT CHARSET=latin1;
/*!40101 SET character_set_client = @saved_cs_client */;

--
-- Dumping data for table `tb_cost_balance`
--

LOCK TABLES `tb_cost_balance` WRITE;
/*!40000 ALTER TABLE `tb_cost_balance` DISABLE KEYS */;
INSERT INTO `tb_cost_balance` VALUES (1,'1','2019-10-01 15:00:00','2019-10-01 15:00:00','2019-10-01 15:00:00','100','500','2019-10-01 15:00:00','200','2019-10-01 15:00:00','100','2019-10-01 15:00:00','purchase_category 1'),(2,'2','2019-10-01 15:00:00','2019-10-01 15:00:00','2019-10-01 15:00:00','100','200','2019-10-01 15:00:00','200','2019-10-01 15:00:00','100','2019-10-01 15:00:00','purchase_category 1'),(3,'3','2019-10-01 15:00:00','2019-10-01 15:00:00','2019-10-01 15:00:00','100','300','2019-10-01 15:00:00','200','2019-10-01 15:00:00','100','2019-10-01 15:00:00','purchase_category 1'),(4,'4','2019-10-01 15:00:00','2019-10-01 15:00:00','2019-10-01 15:00:00','100','400','2019-10-01 15:00:00','200','2019-10-01 15:00:00','100','2019-10-01 15:00:00','purchase_category 1'),(5,'5','2019-10-01 15:00:00','2019-10-01 15:00:00','2019-10-01 15:00:00','100','500','2019-10-01 15:00:00','200','2019-10-01 15:00:00','100','2019-10-01 15:00:00','purchase_category 2'),(6,'6','2019-10-01 15:00:00','2019-10-01 15:00:00','2019-10-01 15:00:00','100','500','2019-10-01 15:00:00','200','2019-10-01 15:00:00','100','2019-10-01 15:00:00','purchase_category 2'),(7,'7','2019-10-01 15:00:00','2019-10-01 15:00:00','2019-10-01 15:00:00','1000','400','2019-10-01 15:00:00','200','2019-10-01 15:00:00','100','2019-10-01 15:00:00','purchase_category 2'),(8,'8','2019-10-01 15:00:00','2019-10-01 15:00:00','2019-10-01 15:00:00','100','200','2019-10-01 15:00:00','200','2019-10-01 15:00:00','100','2019-10-01 15:00:00','purchase_category 2'),(9,'9','2019-10-01 15:00:00','2019-10-01 15:00:00','2019-10-01 15:00:00','200','100','2019-10-01 15:00:00','200','2019-10-01 15:00:00','100','2019-10-01 15:00:00','purchase_category 2'),(10,'10','2019-10-01 15:00:00','2019-10-01 15:00:00','2019-10-01 15:00:00','400','200','2019-10-01 15:00:00','200','2019-10-01 15:00:00','100','2019-10-01 15:00:00','purchase_category 2'),(11,'11','2019-10-31 15:00:00','2019-10-31 15:00:00','2019-10-31 15:00:00','100','100','2019-10-31 15:00:00','200','2019-11-02 15:00:00','200','2019-11-02 15:00:00','purchase_category 3'),(12,'12','2019-10-31 15:00:00','2019-10-31 15:00:00','2019-10-31 15:00:00','200','200','2019-10-31 15:00:00','100','2019-11-03 15:00:00','200','2019-11-02 15:00:00','purchase_category 3'),(13,'13','2019-11-01 15:00:00','2019-11-01 15:00:00','2019-11-01 15:00:00','300','300','2019-11-01 15:00:00','100','2019-11-02 15:00:00','500','2019-11-02 15:00:00','purchase_category 3'),(14,'14','2019-11-01 15:00:00','2019-11-01 15:00:00','2019-11-01 15:00:00','100','100','2019-11-01 15:00:00','500','2019-11-03 15:00:00','200','2019-11-03 15:00:00','purchase_category 3'),(15,'15','2019-11-01 15:00:00','2019-11-01 15:00:00','2019-11-01 15:00:00','200','200','2019-11-01 15:00:00','400','2019-11-02 15:00:00','100','2019-11-03 15:00:00','purchase_category 3'),(16,'16','2019-11-02 15:00:00','2019-11-02 15:00:00','2019-11-02 15:00:00','100','100','2019-11-02 15:00:00','400','2019-11-04 15:00:00','200','2019-11-03 15:00:00','purchase_category 3'),(17,'17','2019-11-03 15:00:00','2019-11-03 15:00:00','2019-11-03 15:00:00','500','500','2019-11-03 15:00:00','200','2019-11-03 15:00:00','300','2019-11-03 15:00:00','purchase_category 4'),(18,'18','2019-11-02 15:00:00','2019-11-02 15:00:00','2019-11-02 15:00:00','400','400','2019-11-02 15:00:00','600','2019-11-02 15:00:00','400','2019-11-03 15:00:00','purchase_category 4'),(19,'19','2019-11-03 15:00:00','2019-11-03 15:00:00','2019-11-03 15:00:00','200','200','2019-11-03 15:00:00','200','2019-11-02 15:00:00','500','2019-11-04 15:00:00','purchase_category 4'),(20,'20','2019-11-03 15:00:00','2019-11-03 15:00:00','2019-11-03 15:00:00','300','300','2019-11-03 15:00:00','500','2019-11-03 15:00:00','100','2019-11-04 15:00:00','purchase_category 4'),(21,'21','2019-11-03 15:00:00','2019-11-03 15:00:00','2019-11-03 15:00:00','400','400','2019-11-03 15:00:00','100','2019-11-04 15:00:00','200','2019-11-04 15:00:00','purchase_category 4'),(22,'22','2019-11-04 15:00:00','2019-11-04 15:00:00','2019-11-04 15:00:00','100','100','2019-11-04 15:00:00','100','2019-11-04 15:00:00','300','2019-11-04 15:00:00','purchase_category 4'),(23,'23','2019-11-04 15:00:00','2019-11-04 15:00:00','2019-11-04 15:00:00','500','500','2019-11-04 15:00:00','200','2019-11-03 15:00:00','400','2019-11-04 15:00:00','purchase_category 5'),(24,'24','2019-11-04 15:00:00','2019-11-04 15:00:00','2019-11-04 15:00:00','200','200','2019-11-04 15:00:00','400','2019-11-04 15:00:00','500','2019-11-04 15:00:00','purchase_category 5'),(25,'25','2019-11-04 15:00:00','2019-11-04 15:00:00','2019-11-04 15:00:00','300','300','2019-11-04 15:00:00','300','2019-11-04 15:00:00','100','2019-11-04 15:00:00','purchase_category 5');
/*!40000 ALTER TABLE `tb_cost_balance` ENABLE KEYS */;
UNLOCK TABLES;

--
-- Table structure for table `tb_cost_balance_company`
--

DROP TABLE IF EXISTS `tb_cost_balance_company`;
/*!40101 SET @saved_cs_client     = @@character_set_client */;
/*!40101 SET character_set_client = utf8 */;
CREATE TABLE `tb_cost_balance_company` (
  `id` int(11) NOT NULL AUTO_INCREMENT,
  `id_cost_balance` int(11) DEFAULT NULL,
  `tax_excluded_amount` text CHARACTER SET utf8,
  `consumption_tax` text CHARACTER SET utf8,
  `tax_included_amount` text CHARACTER SET utf8,
  `billing_code` text CHARACTER SET utf8,
  `billing_name` text CHARACTER SET utf8,
  `collection_method` text CHARACTER SET utf8,
  `billing_method` text CHARACTER SET utf8,
  `closing_date` timestamp NULL DEFAULT NULL,
  `recording` text CHARACTER SET utf8,
  `type` text CHARACTER SET utf8,
  PRIMARY KEY (`id`),
  UNIQUE KEY `id_cost_balance_UNIQUE` (`id_cost_balance`)
) ENGINE=InnoDB AUTO_INCREMENT=26 DEFAULT CHARSET=latin1;
/*!40101 SET character_set_client = @saved_cs_client */;

--
-- Dumping data for table `tb_cost_balance_company`
--

LOCK TABLES `tb_cost_balance_company` WRITE;
/*!40000 ALTER TABLE `tb_cost_balance_company` DISABLE KEYS */;
INSERT INTO `tb_cost_balance_company` VALUES (1,1,'1000','200','1000','billing_code 1','billing_name 1','collection_method 1','billing_method 1','2019-10-01 15:00:00','recording 1','代理店'),(2,2,'2000','400','2000','billing_code 2','billing_name 2','collection_method 2','billing_method 2','2019-10-01 15:00:00','recording 2','代理店'),(3,3,'1000','100','1000','billing_code 3','billing_name 3','collection_method 3','billing_method 3','2019-10-01 15:00:00','recording 3','調査会社'),(4,4,'2000','700','2000','billing_code 4','billing_name 4','collection_method 4','billing_method 4','2019-10-01 15:00:00','recording 4','調査会社'),(5,5,'1000','800','5000','billing_code 5','billing_name 5','collection_method 5','billing_method 5','2019-10-01 15:00:00','recording 5','工事会社'),(6,6,'3000','900','500','billing_code 6','billing_name 6','collection_method 6','billing_method 6','2019-10-01 15:00:00','recording 6','工事会社'),(7,7,'4000','1000','400','billing_code 7','billing_name 7','collection_method 7','billing_method 7','2019-10-01 15:00:00','recording 7','取次店'),(8,8,'5000','2000','500','billing_code 8 ','billing_name 8','collection_method 8','billing_method 8','2019-10-01 15:00:00','recording 8','取次店'),(9,9,'500','5000','1000','billing_code 9','billing_name 9','collection_method 9','billing_method 9','2019-10-01 15:00:00','recording 9','取次店'),(10,10,'100','200','700','billing_code 10','billing_name 10','collection_method 10','billing_method 10','2019-10-01 15:00:00','recording 10','その他'),(11,11,'100','500','500','billing_code 11','billing_name 11','collection_method 11','billing_method 11','2019-11-04 15:00:00','recording 11','取次店'),(12,12,'500','1000','1000','billing_code 12','billing_name 12','collection_method 12','billing_method 12','2019-11-04 15:00:00','recording 12','取次店'),(13,13,'1000','2000','1000','billing_code 13','billing_name 13','collection_method 13','billing_method 13','2019-11-04 15:00:00','recording 13','取次店'),(14,14,'2000','1000','2000','billing_code 14','billing_name 14','collection_method 14','billing_method 14','2019-11-04 15:00:00','recording 14','取次店'),(15,15,'1000','2000','1000','billing_code 15','billing_name 15','collection_method 15','billing_method 15','2019-11-04 15:00:00','recording 15','取次店'),(16,16,'1000','1000','2000','billing_code 16','billing_name 16','collection_method 16','billing_method 16','2019-11-04 15:00:00','recording 16','取次店'),(17,17,'2000','1000','500','billing_code 17','billing_name 17','collection_method 17','billing_method 17','2019-11-04 15:00:00','recording 17','取次店'),(18,18,'3000','1000','500','billing_code 18','billing_name 18','collection_method 18','billing_method 18','2019-11-04 15:00:00','recording 18','取次店'),(19,19,'2000','2000','500','billing_code 19','billing_name 19','collection_method 19','billing_method 19','2019-11-04 15:00:00','recording 19','取次店'),(20,20,'2000','2000','100','billing_code 20','billing_name 20','collection_method 20','billing_method 20','2019-11-04 15:00:00','recording 20','取次店'),(21,21,'1000','2000','1000','billing_code 21','billing_name 21','collection_method 21','billing_method 21','2019-11-04 15:00:00','recording 21','取次店'),(22,22,'3000','1000','1000','billing_code 22','billing_name 22','collection_method 22','billing_method 22','2019-11-04 15:00:00','recording 22','取次店'),(23,23,'2000','1000','1000','billing_code 23','billing_name 23','collection_method 23','billing_method 23','2019-11-04 15:00:00','recording 23','取次店'),(24,24,'1500','1000','1000','billing_code 24','billing_name 24','collection_method 24','billing_method 24','2019-11-04 15:00:00','recording 24','取次店'),(25,25,'500','500','1000','billing_code 25','billing_name 25','collection_method 25','billing_method 25','2019-11-04 15:00:00','recording 25','取次店');
/*!40000 ALTER TABLE `tb_cost_balance_company` ENABLE KEYS */;
UNLOCK TABLES;

--
-- Table structure for table `tb_cost_balance_main`
--

DROP TABLE IF EXISTS `tb_cost_balance_main`;
/*!40101 SET @saved_cs_client     = @@character_set_client */;
/*!40101 SET character_set_client = utf8 */;
CREATE TABLE `tb_cost_balance_main` (
  `id` int(11) NOT NULL AUTO_INCREMENT,
  `userId` varchar(11) NOT NULL,
  `itemCostBalanceName` text CHARACTER SET utf8 NOT NULL,
  `content` text CHARACTER SET utf8 NOT NULL,
  `created` timestamp NOT NULL DEFAULT CURRENT_TIMESTAMP,
  PRIMARY KEY (`id`)
) ENGINE=InnoDB AUTO_INCREMENT=20 DEFAULT CHARSET=latin1;
/*!40101 SET character_set_client = @saved_cs_client */;

--
-- Dumping data for table `tb_cost_balance_main`
--

LOCK TABLES `tb_cost_balance_main` WRITE;
/*!40000 ALTER TABLE `tb_cost_balance_main` DISABLE KEYS */;
INSERT INTO `tb_cost_balance_main` VALUES (8,'8888888888','Filter 1','sales_date=2019-11-05','2019-11-05 09:55:31'),(9,'8888888888','Filter 2','sales_date=2019-11-05&details=売掛','2019-11-05 09:56:33'),(10,'8888888888','Filter 3','sales_date=2019-10-02&person_in_charge=Builder&details=未入金','2019-11-05 09:59:08'),(11,'8888888888','Filter 4','sales_date=2019-10-02&survey_date=2019-10-02&details=売掛&billing_date=2019-10-02','2019-11-05 10:00:41'),(13,'8888888888','Filter 5','product_name=product&tax_excluded_amount=1000','2019-11-05 10:03:34'),(14,'8888888888','Filter 6','product_name=product&detailed_description=description&survey_date=2019-10-02&final_sales_date=2019-10-02&person_in_charge=Builder&tax_excluded_amount=1000&tax_included_amount=1000','2019-11-05 10:05:24'),(15,'1234567890','Filter 1','sales_date=2019-11-05','2019-11-05 10:27:52'),(18,'1234567890','Filter 4','sales_date=2019-10-02&survey_date=2019-10-02&details=売掛&billing_date=2019-10-02','2019-11-05 10:27:53'),(19,'1234567890','Filter 5','product_name=product&tax_excluded_amount=1000','2019-11-05 10:27:53');
/*!40000 ALTER TABLE `tb_cost_balance_main` ENABLE KEYS */;
UNLOCK TABLES;

--
-- Table structure for table `tb_cost_balance_product`
--

DROP TABLE IF EXISTS `tb_cost_balance_product`;
/*!40101 SET @saved_cs_client     = @@character_set_client */;
/*!40101 SET character_set_client = utf8 */;
CREATE TABLE `tb_cost_balance_product` (
  `id` int(11) NOT NULL AUTO_INCREMENT,
  `id_cost_balance` int(11) DEFAULT NULL,
  `product_name` text CHARACTER SET utf8,
  `detailed_description` text CHARACTER SET utf8,
  PRIMARY KEY (`id`),
  UNIQUE KEY `id_cost_balance_UNIQUE` (`id_cost_balance`)
) ENGINE=InnoDB AUTO_INCREMENT=26 DEFAULT CHARSET=latin1;
/*!40101 SET character_set_client = @saved_cs_client */;

--
-- Dumping data for table `tb_cost_balance_product`
--

LOCK TABLES `tb_cost_balance_product` WRITE;
/*!40000 ALTER TABLE `tb_cost_balance_product` DISABLE KEYS */;
INSERT INTO `tb_cost_balance_product` VALUES (1,1,'product_001','detailed_description'),(2,2,'product_002','detailed_description'),(3,3,'product_003','detailed_description'),(4,4,'product_004','detailed_description'),(5,5,'product_005','detailed_description'),(6,6,'product_006','detailed_description'),(7,7,'product_007','detailed_description'),(8,8,'product_008','detailed_description'),(9,9,'product_009','detailed_description'),(10,10,'product_010','detailed_description'),(11,11,'product_011','detailed_description'),(12,12,'product_012','detailed_description'),(13,13,'product_013','detailed_description'),(14,14,'product_014','detailed_description'),(15,15,'product_015','detailed_description'),(16,16,'product_016','detailed_description'),(17,17,'product_017','detailed_description'),(18,18,'product_018','detailed_description'),(19,19,'product_019','detailed_description'),(20,20,'product_020','detailed_description'),(21,21,'product_021','detailed_description'),(22,22,'product_022','detailed_description'),(23,23,'product_023','detailed_description'),(24,24,'product_024','detailed_description'),(25,25,'product_025','detailed_description');
/*!40000 ALTER TABLE `tb_cost_balance_product` ENABLE KEYS */;
UNLOCK TABLES;

--
-- Table structure for table `tb_cost_balance_survey`
--

DROP TABLE IF EXISTS `tb_cost_balance_survey`;
/*!40101 SET @saved_cs_client     = @@character_set_client */;
/*!40101 SET character_set_client = utf8 */;
CREATE TABLE `tb_cost_balance_survey` (
  `id` int(11) NOT NULL AUTO_INCREMENT,
  `id_cost_balance` int(11) DEFAULT NULL,
  `survey_date` timestamp NULL DEFAULT NULL,
  `final_sales_date` timestamp NULL DEFAULT NULL,
  `person_in_charge` text CHARACTER SET utf8,
  `property_no` text CHARACTER SET utf8,
  `property_name` text CHARACTER SET utf8,
  `property_address` text CHARACTER SET utf8,
  `business_name` text CHARACTER SET utf8,
  `survey_and_construction_date` timestamp NULL DEFAULT NULL,
  `contact_person` text CHARACTER SET utf8,
  `construction_store_manager` text CHARACTER SET utf8,
  `details` text CHARACTER SET utf8,
  PRIMARY KEY (`id`),
  UNIQUE KEY `id_cost_balance_UNIQUE` (`id_cost_balance`)
) ENGINE=InnoDB AUTO_INCREMENT=26 DEFAULT CHARSET=latin1;
/*!40101 SET character_set_client = @saved_cs_client */;

--
-- Dumping data for table `tb_cost_balance_survey`
--

LOCK TABLES `tb_cost_balance_survey` WRITE;
/*!40000 ALTER TABLE `tb_cost_balance_survey` DISABLE KEYS */;
INSERT INTO `tb_cost_balance_survey` VALUES (1,1,'2019-10-01 15:00:00','2019-10-01 15:00:00','Builder','019','property_name 1','property_address','business_name','2019-10-01 15:00:00','contact_person','construction_store_manager','未入金'),(2,2,'2019-10-01 15:00:00','2019-10-01 15:00:00','Builder','020','property_name 2','property_address','business_name','2019-10-01 15:00:00','contact_person','construction_store_manager','未入金'),(3,3,'2019-10-01 15:00:00','2019-10-01 15:00:00','Builder','021','property_name 3','property_address','business_name','2019-10-01 15:00:00','contact_person','construction_store_manager','未入金'),(4,4,'2019-10-01 15:00:00','2019-10-01 15:00:00','Builder','022','property_name 4','property_address','business_name','2019-10-01 15:00:00','contact_person','construction_store_manager','未入金'),(5,5,'2019-10-01 15:00:00','2019-10-01 15:00:00','Builder','023','property_name 5','property_address','business_name','2019-10-01 15:00:00','contact_person','construction_store_manager','未入金'),(6,6,'2019-10-01 15:00:00','2019-10-01 15:00:00','Builder','024','property_name 6','property_address','business_name','2019-10-01 15:00:00','contact_person','construction_store_manager','未入金'),(7,7,'2019-10-01 15:00:00','2019-10-01 15:00:00','Builder','025','property_name 7','property_address','business_name','2019-10-01 15:00:00','contact_person','construction_store_manager','前受'),(8,8,'2019-10-01 15:00:00','2019-10-01 15:00:00','Builder','001','property_name 8','property_address','business_name','2019-10-01 15:00:00','contact_person','construction_store_manager','売掛'),(9,9,'2019-10-01 15:00:00','2019-10-01 15:00:00','Builder','002','property_name 9','property_address','business_name','2019-10-01 15:00:00','contact_person','construction_store_manager','繰越'),(10,10,'2019-10-01 15:00:00','2019-10-01 15:00:00','Builder','003','property_name 10','property_address','business_name','2019-10-01 15:00:00','contact_person','construction_store_manager','繰越'),(11,11,'2019-11-04 15:00:00','2019-11-04 15:00:00','Builder','004','property_name 11','property_address','business_name','2019-11-04 15:00:00','contact_person','construction_store_manager','前受'),(12,12,'2019-11-04 15:00:00','2019-11-04 15:00:00','Builder','005','property_name 12','property_address','business_name','2019-11-04 15:00:00','contact_person','construction_store_manager','前受'),(13,13,'2019-11-04 15:00:00','2019-11-04 15:00:00','Builder','006','property_name 13','property_address','business_name','2019-11-04 15:00:00','contact_person','construction_store_manager','前受'),(14,14,'2019-11-04 15:00:00','2019-11-04 15:00:00','Builder','007','property_name 14','property_address','business_name','2019-11-04 15:00:00','contact_person','construction_store_manager','前受'),(15,15,'2019-11-04 15:00:00','2019-11-04 15:00:00','Builder','008','property_name 15','property_address','business_name','2019-11-04 15:00:00','contact_person','construction_store_manager','前受'),(16,16,'2019-11-04 15:00:00','2019-11-04 15:00:00','Builder','009','property_name 16','property_address','business_name','2019-11-04 15:00:00','contact_person','construction_store_manager','前受'),(17,17,'2019-11-04 15:00:00','2019-11-04 15:00:00','Builder','010','property_name 17','property_address','business_name','2019-11-04 15:00:00','contact_person','construction_store_manager','前受'),(18,18,'2019-11-04 15:00:00','2019-11-04 15:00:00','Builder','011','property_name 18','property_address','business_name','2019-11-04 15:00:00','contact_person','construction_store_manager','前受'),(19,19,'2019-11-04 15:00:00','2019-11-04 15:00:00','Builder','012','property_name 19','property_address','business_name','2019-11-04 15:00:00','contact_person','construction_store_manager','前受'),(20,20,'2019-11-04 15:00:00','2019-11-04 15:00:00','Builder','013','property_name 20','property_address','business_name','2019-11-04 15:00:00','contact_person','construction_store_manager','売掛'),(21,21,'2019-11-04 15:00:00','2019-11-04 15:00:00','Builder','014','property_name 21','property_address','business_name','2019-11-04 15:00:00','contact_person','construction_store_manager','売掛'),(22,22,'2019-11-04 15:00:00','2019-11-04 15:00:00','Builder','015','property_name 22','property_address','business_name','2019-11-04 15:00:00','contact_person','construction_store_manager','売掛'),(23,23,'2019-11-04 15:00:00','2019-11-04 15:00:00','Builder','016','property_name 23','property_address','business_name','2019-11-04 15:00:00','contact_person','construction_store_manager','売掛'),(24,24,'2019-11-04 15:00:00','2019-11-04 15:00:00','Builder','017','property_name 24','property_address','business_name','2019-11-04 15:00:00','contact_person','construction_store_manager','売掛'),(25,25,'2019-11-04 15:00:00','2019-11-04 15:00:00','Builder','018','property_name 25','property_address','business_name','2019-11-04 15:00:00','contact_person','construction_store_manager','売掛');
/*!40000 ALTER TABLE `tb_cost_balance_survey` ENABLE KEYS */;
UNLOCK TABLES;

--
-- Table structure for table `tb_credit_approval_log`
--

DROP TABLE IF EXISTS `tb_credit_approval_log`;
/*!40101 SET @saved_cs_client     = @@character_set_client */;
/*!40101 SET character_set_client = utf8 */;
CREATE TABLE `tb_credit_approval_log` (
  `id` int(11) NOT NULL AUTO_INCREMENT,
  `company_id` int(11) NOT NULL,
  `date` datetime NOT NULL DEFAULT CURRENT_TIMESTAMP,
  `description` text,
  `name` varchar(45) DEFAULT NULL,
  PRIMARY KEY (`id`)
) ENGINE=InnoDB DEFAULT CHARSET=latin1;
/*!40101 SET character_set_client = @saved_cs_client */;

--
-- Dumping data for table `tb_credit_approval_log`
--

LOCK TABLES `tb_credit_approval_log` WRITE;
/*!40000 ALTER TABLE `tb_credit_approval_log` DISABLE KEYS */;
/*!40000 ALTER TABLE `tb_credit_approval_log` ENABLE KEYS */;
UNLOCK TABLES;

--
-- Table structure for table `tb_ground_survey_report`
--

DROP TABLE IF EXISTS `tb_ground_survey_report`;
/*!40101 SET @saved_cs_client     = @@character_set_client */;
/*!40101 SET character_set_client = utf8 */;
CREATE TABLE `tb_ground_survey_report` (
  `id` int(11) NOT NULL AUTO_INCREMENT,
  `survey_id` int(11) DEFAULT NULL,
  `userId` varchar(45) DEFAULT NULL,
  `permission_range` varchar(45) CHARACTER SET utf8 DEFAULT NULL,
  `last_display` timestamp NULL DEFAULT NULL,
  `author` varchar(45) DEFAULT NULL,
  `edit_permission_range` varchar(45) CHARACTER SET utf8 DEFAULT NULL,
  `status` varchar(45) CHARACTER SET utf8 DEFAULT NULL,
  `ground_safe_house_app_ID` varchar(45) DEFAULT NULL,
  `survey_ordering_company` varchar(45) CHARACTER SET utf8 DEFAULT NULL,
  `ordering_person` varchar(45) CHARACTER SET utf8 DEFAULT NULL,
  PRIMARY KEY (`id`)
) ENGINE=InnoDB DEFAULT CHARSET=latin1;
/*!40101 SET character_set_client = @saved_cs_client */;

--
-- Dumping data for table `tb_ground_survey_report`
--

LOCK TABLES `tb_ground_survey_report` WRITE;
/*!40000 ALTER TABLE `tb_ground_survey_report` DISABLE KEYS */;
/*!40000 ALTER TABLE `tb_ground_survey_report` ENABLE KEYS */;
UNLOCK TABLES;

--
-- Table structure for table `tb_ground_survey_report_14`
--

DROP TABLE IF EXISTS `tb_ground_survey_report_14`;
/*!40101 SET @saved_cs_client     = @@character_set_client */;
/*!40101 SET character_set_client = utf8 */;
CREATE TABLE `tb_ground_survey_report_14` (
  `id` int(11) NOT NULL AUTO_INCREMENT,
  `front_road_east_side` varchar(45) CHARACTER SET utf8 NOT NULL,
  `front_road_south_side` varchar(45) CHARACTER SET utf8 NOT NULL,
  `western_border` varchar(45) CHARACTER SET utf8 NOT NULL,
  `east_border` varchar(45) CHARACTER SET utf8 NOT NULL,
  `southern_boundary` varchar(45) CHARACTER SET utf8 NOT NULL,
  `north_border` varchar(45) CHARACTER SET utf8 NOT NULL,
  `id_ground_survey_report` int(11) NOT NULL,
  PRIMARY KEY (`id`)
) ENGINE=InnoDB DEFAULT CHARSET=latin1;
/*!40101 SET character_set_client = @saved_cs_client */;

--
-- Dumping data for table `tb_ground_survey_report_14`
--

LOCK TABLES `tb_ground_survey_report_14` WRITE;
/*!40000 ALTER TABLE `tb_ground_survey_report_14` DISABLE KEYS */;
/*!40000 ALTER TABLE `tb_ground_survey_report_14` ENABLE KEYS */;
UNLOCK TABLES;

--
-- Table structure for table `tb_ground_survey_report_1_2`
--

DROP TABLE IF EXISTS `tb_ground_survey_report_1_2`;
/*!40101 SET @saved_cs_client     = @@character_set_client */;
/*!40101 SET character_set_client = utf8 */;
CREATE TABLE `tb_ground_survey_report_1_2` (
  `id` int(11) NOT NULL AUTO_INCREMENT,
  `property_name` varchar(45) CHARACTER SET utf8 NOT NULL,
  `survey_site` varchar(45) CHARACTER SET utf8 NOT NULL,
  `survey_date` timestamp NOT NULL DEFAULT CURRENT_TIMESTAMP ON UPDATE CURRENT_TIMESTAMP,
  `survey_equipment` varchar(45) CHARACTER SET utf8 NOT NULL,
  `person_in_charge` varchar(45) CHARACTER SET utf8 NOT NULL,
  `id_ground_survey_report` varchar(45) NOT NULL,
  PRIMARY KEY (`id`)
) ENGINE=InnoDB AUTO_INCREMENT=8 DEFAULT CHARSET=latin1;
/*!40101 SET character_set_client = @saved_cs_client */;

--
-- Dumping data for table `tb_ground_survey_report_1_2`
--

LOCK TABLES `tb_ground_survey_report_1_2` WRITE;
/*!40000 ALTER TABLE `tb_ground_survey_report_1_2` DISABLE KEYS */;
INSERT INTO `tb_ground_survey_report_1_2` VALUES (7,'name','','2019-09-05 15:00:00','','','8');
/*!40000 ALTER TABLE `tb_ground_survey_report_1_2` ENABLE KEYS */;
UNLOCK TABLES;

--
-- Table structure for table `tb_ground_survey_report_2_details`
--

DROP TABLE IF EXISTS `tb_ground_survey_report_2_details`;
/*!40101 SET @saved_cs_client     = @@character_set_client */;
/*!40101 SET character_set_client = utf8 */;
CREATE TABLE `tb_ground_survey_report_2_details` (
  `id` int(11) NOT NULL,
  `number` varchar(45) NOT NULL,
  `notices` varchar(45) NOT NULL,
  `investigation_depth` varchar(45) NOT NULL,
  `id_page_2` int(11) NOT NULL,
  PRIMARY KEY (`id`)
) ENGINE=InnoDB DEFAULT CHARSET=latin1;
/*!40101 SET character_set_client = @saved_cs_client */;

--
-- Dumping data for table `tb_ground_survey_report_2_details`
--

LOCK TABLES `tb_ground_survey_report_2_details` WRITE;
/*!40000 ALTER TABLE `tb_ground_survey_report_2_details` DISABLE KEYS */;
/*!40000 ALTER TABLE `tb_ground_survey_report_2_details` ENABLE KEYS */;
UNLOCK TABLES;

--
-- Table structure for table `tb_ground_survey_report_4`
--

DROP TABLE IF EXISTS `tb_ground_survey_report_4`;
/*!40101 SET @saved_cs_client     = @@character_set_client */;
/*!40101 SET character_set_client = utf8 */;
CREATE TABLE `tb_ground_survey_report_4` (
  `id` int(11) NOT NULL AUTO_INCREMENT,
  `temporary_address` varchar(45) CHARACTER SET utf8 NOT NULL,
  `final_address` varchar(45) CHARACTER SET utf8 NOT NULL,
  `coordinates` varchar(45) CHARACTER SET utf8 NOT NULL,
  `id_ground_survey_report` int(11) NOT NULL,
  PRIMARY KEY (`id`)
) ENGINE=InnoDB DEFAULT CHARSET=latin1;
/*!40101 SET character_set_client = @saved_cs_client */;

--
-- Dumping data for table `tb_ground_survey_report_4`
--

LOCK TABLES `tb_ground_survey_report_4` WRITE;
/*!40000 ALTER TABLE `tb_ground_survey_report_4` DISABLE KEYS */;
/*!40000 ALTER TABLE `tb_ground_survey_report_4` ENABLE KEYS */;
UNLOCK TABLES;

--
-- Table structure for table `tb_ground_survey_report_5`
--

DROP TABLE IF EXISTS `tb_ground_survey_report_5`;
/*!40101 SET @saved_cs_client     = @@character_set_client */;
/*!40101 SET character_set_client = utf8 */;
CREATE TABLE `tb_ground_survey_report_5` (
  `id` int(11) NOT NULL AUTO_INCREMENT,
  `file` varchar(45) CHARACTER SET utf8 NOT NULL,
  `e_adjacent_ground_level_difference` varchar(45) CHARACTER SET utf8 NOT NULL,
  `e_retaining_wall` varchar(45) CHARACTER SET utf8 NOT NULL,
  `e_type` varchar(45) CHARACTER SET utf8 NOT NULL,
  `e_distance` varchar(45) CHARACTER SET utf8 NOT NULL,
  `w_adjacent_ground_level_difference` varchar(45) CHARACTER SET utf8 NOT NULL,
  `w_retaining_wall` varchar(45) CHARACTER SET utf8 NOT NULL,
  `w_type` varchar(45) CHARACTER SET utf8 NOT NULL,
  `w_distance` varchar(45) CHARACTER SET utf8 NOT NULL,
  `s_adjacent_ground_level_difference` varchar(45) CHARACTER SET utf8 NOT NULL,
  `s_retaining_wall` varchar(45) CHARACTER SET utf8 NOT NULL,
  `s_type` varchar(45) CHARACTER SET utf8 NOT NULL,
  `s_distance` varchar(45) CHARACTER SET utf8 NOT NULL,
  `n_adjacent_ground_level_difference` varchar(45) CHARACTER SET utf8 NOT NULL,
  `n_retaining_wall` varchar(45) CHARACTER SET utf8 NOT NULL,
  `n_type` varchar(45) CHARACTER SET utf8 COLLATE utf8_bin NOT NULL,
  `n_distance` varchar(45) CHARACTER SET utf8 NOT NULL,
  `id_ground_survey_report` int(11) NOT NULL,
  PRIMARY KEY (`id`)
) ENGINE=InnoDB AUTO_INCREMENT=2 DEFAULT CHARSET=latin1;
/*!40101 SET character_set_client = @saved_cs_client */;

--
-- Dumping data for table `tb_ground_survey_report_5`
--

LOCK TABLES `tb_ground_survey_report_5` WRITE;
/*!40000 ALTER TABLE `tb_ground_survey_report_5` DISABLE KEYS */;
INSERT INTO `tb_ground_survey_report_5` VALUES (1,'tw.png','yes','none','1,0,0,0,0,1','5','none','yes','0,1,0,0,0,2','6','yes','none','0,0,1,0,0,3','7','none','yes','0,0,0,0,1,4','8',20);
/*!40000 ALTER TABLE `tb_ground_survey_report_5` ENABLE KEYS */;
UNLOCK TABLES;

--
-- Table structure for table `tb_ground_survey_report_6`
--

DROP TABLE IF EXISTS `tb_ground_survey_report_6`;
/*!40101 SET @saved_cs_client     = @@character_set_client */;
/*!40101 SET character_set_client = utf8 */;
CREATE TABLE `tb_ground_survey_report_6` (
  `id` int(11) NOT NULL AUTO_INCREMENT,
  `survey_topography` text CHARACTER SET utf8 NOT NULL,
  `rivers_and_irrigation_canals_0` text CHARACTER SET utf8 NOT NULL,
  `rivers_and_irrigation_canals_1` text CHARACTER SET utf8 NOT NULL,
  `rivers_and_irrigation_canals_2` text CHARACTER SET utf8 NOT NULL,
  `surrounding_buildings` text CHARACTER SET utf8 NOT NULL,
  `overview_abnormal_0` text CHARACTER SET utf8 NOT NULL,
  `overview_abnormal_1` text CHARACTER SET utf8 NOT NULL,
  `overview_abnormal_2` text CHARACTER SET utf8 NOT NULL,
  `overview_abnormal_3` text CHARACTER SET utf8 NOT NULL,
  `crack` text CHARACTER SET utf8 NOT NULL,
  `deflection` text CHARACTER SET utf8 NOT NULL,
  `slope` text CHARACTER SET utf8 NOT NULL,
  `pavement` text CHARACTER SET utf8 NOT NULL,
  `abnormal` text CHARACTER SET utf8 NOT NULL,
  `adjacent_land` text CHARACTER SET utf8 NOT NULL,
  `id_ground_survey_report` int(11) NOT NULL,
  PRIMARY KEY (`id`)
) ENGINE=InnoDB DEFAULT CHARSET=latin1;
/*!40101 SET character_set_client = @saved_cs_client */;

--
-- Dumping data for table `tb_ground_survey_report_6`
--

LOCK TABLES `tb_ground_survey_report_6` WRITE;
/*!40000 ALTER TABLE `tb_ground_survey_report_6` DISABLE KEYS */;
/*!40000 ALTER TABLE `tb_ground_survey_report_6` ENABLE KEYS */;
UNLOCK TABLES;

--
-- Table structure for table `tb_ground_survey_report_7`
--

DROP TABLE IF EXISTS `tb_ground_survey_report_7`;
/*!40101 SET @saved_cs_client     = @@character_set_client */;
/*!40101 SET character_set_client = utf8 */;
CREATE TABLE `tb_ground_survey_report_7` (
  `id` int(11) NOT NULL AUTO_INCREMENT,
  `creation_status` text CHARACTER SET utf8 NOT NULL,
  `ground_surface` text CHARACTER SET utf8 NOT NULL,
  `soil_quality` text CHARACTER SET utf8 NOT NULL,
  `moisture_content` text CHARACTER SET utf8 NOT NULL,
  `underground_objects` text CHARACTER SET utf8 NOT NULL,
  `current_situation` text CHARACTER SET utf8 NOT NULL,
  `existing_building0` text CHARACTER SET utf8,
  `existing_building1` text CHARACTER SET utf8,
  `existing_building2` text CHARACTER SET utf8,
  `existing_building3` text CHARACTER SET utf8,
  `crack` text CHARACTER SET utf8,
  `deflection` text CHARACTER SET utf8,
  `slope` text CHARACTER SET utf8,
  `carry_in0` text CHARACTER SET utf8,
  `carry_in1` text CHARACTER SET utf8,
  `carry_in2` text CHARACTER SET utf8,
  `carry_in3` text CHARACTER SET utf8,
  `carry_in4` text CHARACTER SET utf8,
  `id_ground_survey_report` int(11) NOT NULL,
  PRIMARY KEY (`id`)
) ENGINE=InnoDB DEFAULT CHARSET=latin1;
/*!40101 SET character_set_client = @saved_cs_client */;

--
-- Dumping data for table `tb_ground_survey_report_7`
--

LOCK TABLES `tb_ground_survey_report_7` WRITE;
/*!40000 ALTER TABLE `tb_ground_survey_report_7` DISABLE KEYS */;
/*!40000 ALTER TABLE `tb_ground_survey_report_7` ENABLE KEYS */;
UNLOCK TABLES;

--
-- Table structure for table `tb_group`
--

DROP TABLE IF EXISTS `tb_group`;
/*!40101 SET @saved_cs_client     = @@character_set_client */;
/*!40101 SET character_set_client = utf8 */;
CREATE TABLE `tb_group` (
  `group_id` varchar(6) NOT NULL,
  `group_parent_id` varchar(6) DEFAULT NULL,
  `position` text,
  PRIMARY KEY (`group_id`),
  UNIQUE KEY `group_id_UNIQUE` (`group_id`)
) ENGINE=InnoDB DEFAULT CHARSET=latin1;
/*!40101 SET character_set_client = @saved_cs_client */;

--
-- Dumping data for table `tb_group`
--

LOCK TABLES `tb_group` WRITE;
/*!40000 ALTER TABLE `tb_group` DISABLE KEYS */;
/*!40000 ALTER TABLE `tb_group` ENABLE KEYS */;
UNLOCK TABLES;

--
-- Table structure for table `tb_history`
--

DROP TABLE IF EXISTS `tb_history`;
/*!40101 SET @saved_cs_client     = @@character_set_client */;
/*!40101 SET character_set_client = utf8 */;
CREATE TABLE `tb_history` (
  `id` int(11) NOT NULL AUTO_INCREMENT,
  `articleId` varchar(45) NOT NULL,
  `updateTime` datetime NOT NULL DEFAULT CURRENT_TIMESTAMP,
  `updateBy` varchar(45) NOT NULL,
  PRIMARY KEY (`id`)
) ENGINE=InnoDB AUTO_INCREMENT=139 DEFAULT CHARSET=latin1;
/*!40101 SET character_set_client = @saved_cs_client */;

--
-- Dumping data for table `tb_history`
--

LOCK TABLES `tb_history` WRITE;
/*!40000 ALTER TABLE `tb_history` DISABLE KEYS */;
INSERT INTO `tb_history` VALUES (86,'06d3e127222102395f7d0ad31e630f8e','2018-11-14 19:15:48','test@gmail.com'),(119,'2ff120de1b571dd19a8eb7251d3185d8','2018-12-04 16:24:16','test@gmail.com'),(120,'268c29f98a8e685aa3b0687edc3b5d8d','2018-12-04 16:24:46','test@gmail.com'),(121,'ef8d2e643060d4e0e5176823c4341c91','2018-12-15 01:23:47','test@gmail.com'),(122,'2ff120de1b571dd19a8eb7251d3185d8','2018-12-15 01:41:58','test@jibannet.co.jp'),(123,'2ff120de1b571dd19a8eb7251d3185d8','2018-12-15 01:42:36','test@jibannet.co.jp'),(124,'2ff120de1b571dd19a8eb7251d3185d8','2018-12-15 01:43:08','test@jibannet.co.jp'),(125,'2ff120de1b571dd19a8eb7251d3185d8','2018-12-15 01:43:37','test@jibannet.co.jp'),(126,'a43d3ad69ab0bb91f7a949145539327c','2018-12-15 01:44:06','test@jibannet.co.jp'),(127,'2ff120de1b571dd19a8eb7251d3185d8','2018-12-15 01:46:46','test@jibannet.co.jp'),(128,'2ff120de1b571dd19a8eb7251d3185d8','2018-12-15 01:49:52','test@jibannet.co.jp'),(129,'2ff120de1b571dd19a8eb7251d3185d8','2018-12-15 01:50:57','test@jibannet.co.jp'),(130,'2ff120de1b571dd19a8eb7251d3185d8','2018-12-15 01:52:49','test@jibannet.co.jp'),(131,'2ff120de1b571dd19a8eb7251d3185d8','2018-12-15 01:53:55','test@jibannet.co.jp'),(132,'2ff120de1b571dd19a8eb7251d3185d8','2018-12-18 14:28:44','test@jibannet.co.jp'),(133,'2ff120de1b571dd19a8eb7251d3185d8','2018-12-18 14:28:53','test@jibannet.co.jp'),(134,'5dffc4544f78a66d9dec4495b779ee33','2018-12-18 14:33:55','test@jibannet.co.jp'),(135,'a69d4daeb6d43f1efc0f494f56aebd3c','2018-12-19 09:44:12','test@jibannet.co.jp'),(136,'268c29f98a8e685aa3b0687edc3b5d8d','2018-12-26 23:12:27','test@jibannet.co.jp'),(137,'268c29f98a8e685aa3b0687edc3b5d8d','2019-01-11 15:45:18','test@jibannet.co.jp'),(138,'19377d31acd5e005a2653bcb901e916d','2019-02-21 17:04:25','test@jibannet.co.jp');
/*!40000 ALTER TABLE `tb_history` ENABLE KEYS */;
UNLOCK TABLES;

--
-- Table structure for table `tb_history_chat`
--

DROP TABLE IF EXISTS `tb_history_chat`;
/*!40101 SET @saved_cs_client     = @@character_set_client */;
/*!40101 SET character_set_client = utf8 */;
CREATE TABLE `tb_history_chat` (
  `id` int(11) NOT NULL AUTO_INCREMENT,
  `sender` varchar(11) NOT NULL,
  `receiver` varchar(11) NOT NULL,
  `created` timestamp NOT NULL DEFAULT CURRENT_TIMESTAMP ON UPDATE CURRENT_TIMESTAMP,
  `message` text CHARACTER SET utf8 NOT NULL,
  PRIMARY KEY (`id`)
) ENGINE=InnoDB AUTO_INCREMENT=241 DEFAULT CHARSET=latin1;
/*!40101 SET character_set_client = @saved_cs_client */;

--
-- Dumping data for table `tb_history_chat`
--

LOCK TABLES `tb_history_chat` WRITE;
/*!40000 ALTER TABLE `tb_history_chat` DISABLE KEYS */;
INSERT INTO `tb_history_chat` VALUES (232,'1234567890','2222222222','2019-08-03 01:38:49','alo hello user test'),(233,'1234567890','2222222222','2019-10-01 08:59:58','alo'),(234,'1234567890','2222222222','2019-10-01 09:00:04','hello'),(235,'8888888888','1234567890','2019-10-01 11:04:58','test'),(236,'8888888888','1234567890','2019-10-01 11:05:47','ok'),(237,'1234567890','8888888888','2019-10-01 11:06:02','test'),(238,'1234567890','1111111111','2019-10-02 01:41:02','adfasdfsa'),(239,'1234567890','8888888888','2019-12-11 10:16:14','ok'),(240,'1234567890','1111111111','2019-12-12 05:01:10','alo');
/*!40000 ALTER TABLE `tb_history_chat` ENABLE KEYS */;
UNLOCK TABLES;

--
-- Table structure for table `tb_inbox`
--

DROP TABLE IF EXISTS `tb_inbox`;
/*!40101 SET @saved_cs_client     = @@character_set_client */;
/*!40101 SET character_set_client = utf8 */;
CREATE TABLE `tb_inbox` (
  `id_inbox` int(11) NOT NULL AUTO_INCREMENT,
  `flag` varchar(45) DEFAULT NULL,
  `id` varchar(45) DEFAULT NULL,
  `date` timestamp NOT NULL DEFAULT CURRENT_TIMESTAMP,
  `userId_target` varchar(11) DEFAULT NULL,
  `group_target` int(11) DEFAULT NULL,
  PRIMARY KEY (`id_inbox`)
) ENGINE=InnoDB AUTO_INCREMENT=30 DEFAULT CHARSET=latin1;
/*!40101 SET character_set_client = @saved_cs_client */;

--
-- Dumping data for table `tb_inbox`
--

LOCK TABLES `tb_inbox` WRITE;
/*!40000 ALTER TABLE `tb_inbox` DISABLE KEYS */;
INSERT INTO `tb_inbox` VALUES (28,'1','20','2019-08-24 16:11:18',NULL,8),(29,'2','16','2019-08-26 11:25:47','1234567890',NULL);
/*!40000 ALTER TABLE `tb_inbox` ENABLE KEYS */;
UNLOCK TABLES;

--
-- Table structure for table `tb_judgement`
--

DROP TABLE IF EXISTS `tb_judgement`;
/*!40101 SET @saved_cs_client     = @@character_set_client */;
/*!40101 SET character_set_client = utf8 */;
CREATE TABLE `tb_judgement` (
  `id` int(11) NOT NULL AUTO_INCREMENT,
  `survey_id` varchar(45) NOT NULL,
  `status` varchar(45) CHARACTER SET utf8 NOT NULL,
  `survey_data_topography` varchar(45) CHARACTER SET utf8 NOT NULL,
  `surrounding_situation` varchar(45) CHARACTER SET utf8 NOT NULL,
  `creation_status` varchar(45) CHARACTER SET utf8 NOT NULL,
  `ground_surface` varchar(45) CHARACTER SET utf8 NOT NULL,
  PRIMARY KEY (`id`),
  UNIQUE KEY `survey_id_UNIQUE` (`survey_id`)
) ENGINE=InnoDB AUTO_INCREMENT=7 DEFAULT CHARSET=latin1;
/*!40101 SET character_set_client = @saved_cs_client */;

--
-- Dumping data for table `tb_judgement`
--

LOCK TABLES `tb_judgement` WRITE;
/*!40000 ALTER TABLE `tb_judgement` DISABLE KEYS */;
INSERT INTO `tb_judgement` VALUES (6,'20','1','no_problem','no_problem','no_problem','good');
/*!40000 ALTER TABLE `tb_judgement` ENABLE KEYS */;
UNLOCK TABLES;

--
-- Table structure for table `tb_position`
--

DROP TABLE IF EXISTS `tb_position`;
/*!40101 SET @saved_cs_client     = @@character_set_client */;
/*!40101 SET character_set_client = utf8 */;
CREATE TABLE `tb_position` (
  `profile_id` int(11) NOT NULL,
  `company_name` text CHARACTER SET utf8 NOT NULL,
  `hire_date` timestamp NOT NULL DEFAULT CURRENT_TIMESTAMP ON UPDATE CURRENT_TIMESTAMP,
  `department` text CHARACTER SET utf8 NOT NULL,
  `position` text CHARACTER SET utf8 NOT NULL,
  `job_title` text CHARACTER SET utf8 NOT NULL,
  `employee_number` text CHARACTER SET utf8 NOT NULL,
  `sjs_id` text CHARACTER SET utf8 NOT NULL,
  PRIMARY KEY (`profile_id`)
) ENGINE=InnoDB DEFAULT CHARSET=latin1;
/*!40101 SET character_set_client = @saved_cs_client */;

--
-- Dumping data for table `tb_position`
--

LOCK TABLES `tb_position` WRITE;
/*!40000 ALTER TABLE `tb_position` DISABLE KEYS */;
/*!40000 ALTER TABLE `tb_position` ENABLE KEYS */;
UNLOCK TABLES;

--
-- Table structure for table `tb_profile`
--

DROP TABLE IF EXISTS `tb_profile`;
/*!40101 SET @saved_cs_client     = @@character_set_client */;
/*!40101 SET character_set_client = utf8 */;
CREATE TABLE `tb_profile` (
  `id` int(11) NOT NULL AUTO_INCREMENT,
  `user_id` varchar(11) CHARACTER SET utf8 NOT NULL,
  `first_name` text CHARACTER SET utf8 NOT NULL,
  `first_name1` text CHARACTER SET utf8 NOT NULL,
  `last_name` text CHARACTER SET utf8 NOT NULL,
  `last_name1` text CHARACTER SET utf8 NOT NULL,
  `email` text CHARACTER SET utf8 NOT NULL,
  `mobile_phone` text CHARACTER SET utf8 NOT NULL,
  `postal_code` text CHARACTER SET utf8 NOT NULL,
  `prefectures` text CHARACTER SET utf8 NOT NULL,
  `city_or_county` text CHARACTER SET utf8 NOT NULL,
  `place_name` text CHARACTER SET utf8 NOT NULL,
  `building_name` text CHARACTER SET utf8 NOT NULL,
  PRIMARY KEY (`id`),
  UNIQUE KEY `userId_UNIQUE` (`user_id`)
) ENGINE=InnoDB DEFAULT CHARSET=latin1;
/*!40101 SET character_set_client = @saved_cs_client */;

--
-- Dumping data for table `tb_profile`
--

LOCK TABLES `tb_profile` WRITE;
/*!40000 ALTER TABLE `tb_profile` DISABLE KEYS */;
/*!40000 ALTER TABLE `tb_profile` ENABLE KEYS */;
UNLOCK TABLES;

--
-- Table structure for table `tb_security`
--

DROP TABLE IF EXISTS `tb_security`;
/*!40101 SET @saved_cs_client     = @@character_set_client */;
/*!40101 SET character_set_client = utf8 */;
CREATE TABLE `tb_security` (
  `id` int(11) NOT NULL AUTO_INCREMENT,
  `email` text CHARACTER SET utf8 NOT NULL,
  `location` text CHARACTER SET utf8 NOT NULL,
  `machineName` text CHARACTER SET utf8 NOT NULL,
  `browserName` text CHARACTER SET utf8 NOT NULL,
  `browserVer` text CHARACTER SET utf8 NOT NULL,
  `dateTime` timestamp NOT NULL DEFAULT CURRENT_TIMESTAMP,
  PRIMARY KEY (`id`)
) ENGINE=InnoDB DEFAULT CHARSET=latin1;
/*!40101 SET character_set_client = @saved_cs_client */;

--
-- Dumping data for table `tb_security`
--

LOCK TABLES `tb_security` WRITE;
/*!40000 ALTER TABLE `tb_security` DISABLE KEYS */;
/*!40000 ALTER TABLE `tb_security` ENABLE KEYS */;
UNLOCK TABLES;

--
-- Table structure for table `tb_survey`
--

DROP TABLE IF EXISTS `tb_survey`;
/*!40101 SET @saved_cs_client     = @@character_set_client */;
/*!40101 SET character_set_client = utf8 */;
CREATE TABLE `tb_survey` (
  `id` int(11) NOT NULL AUTO_INCREMENT,
  `userId` varchar(11) DEFAULT NULL,
  `a_contacts_etc` text,
  `c_company_id` int(11) DEFAULT NULL,
  `c_business_name` text,
  `c_contact_name` text,
  `c_email` text,
  `c_contacts_etc` text,
  `property_name` text,
  `furigana` text,
  `number_of_applications` int(11) DEFAULT NULL,
  `division` text,
  `location_prefecture` text,
  `city_or_county` text,
  `street_address` text,
  `location_information` text,
  `construction_number` varchar(45) DEFAULT NULL,
  `scheduled_survey_company_id` int(11) DEFAULT NULL,
  `survey_date` varchar(45) DEFAULT NULL,
  `first_choice_from` timestamp NULL DEFAULT NULL,
  `first_choice_to` timestamp NULL DEFAULT NULL,
  `first_choice_hour` varchar(45) DEFAULT NULL,
  `second_choice_from` timestamp NULL DEFAULT NULL,
  `second_choice_to` timestamp NULL DEFAULT NULL,
  `second_choice_hour` varchar(45) DEFAULT NULL,
  `time_specification` varchar(45) DEFAULT NULL,
  `survey_method` varchar(45) DEFAULT NULL,
  `witness` tinyint(1) DEFAULT NULL,
  `final_investigation_company` text COMMENT '確定調査会社',
  `final_survey_date` timestamp NULL DEFAULT NULL COMMENT '確定調査日',
  `proceed_after_survey` text COMMENT '調査後の進め方',
  `collateral_liability_insurance_corporation` varchar(45) DEFAULT NULL,
  `building_confirmation_application_organization` varchar(45) DEFAULT NULL,
  `building_structure` varchar(45) DEFAULT NULL,
  `building_floor_number` varchar(45) DEFAULT NULL,
  `total_floor_area` varchar(45) DEFAULT NULL,
  `design_ground_pressure` varchar(45) DEFAULT NULL,
  `building_division` varchar(45) DEFAULT NULL,
  `usage_classification` varchar(45) DEFAULT NULL,
  `basic_shape` varchar(45) DEFAULT NULL,
  `rooting_depth` varchar(45) DEFAULT NULL,
  `deep_foundation_available` tinyint(1) DEFAULT NULL,
  `foundation_work_schedule` varchar(45) DEFAULT NULL,
  `foundation_work_schedule_date` timestamp NULL DEFAULT NULL,
  `slope` tinyint(1) DEFAULT NULL,
  `field_situation` varchar(45) DEFAULT NULL,
  `height_disorder` tinyint(1) DEFAULT NULL,
  `SBI_building_confirmation_application` varchar(45) DEFAULT NULL,
  `ASD_visual_record` varchar(45) DEFAULT NULL,
  `JIBANGOO_published` varchar(45) DEFAULT NULL,
  `building_drawing_set` varchar(45) DEFAULT NULL,
  `site_photo` varchar(45) DEFAULT NULL,
  `other` varchar(45) DEFAULT NULL,
  `ground_survey_report` varchar(45) DEFAULT NULL,
  `temporary_material_request_form` varchar(45) DEFAULT NULL,
  `design_checklist` varchar(45) DEFAULT NULL,
  `construction_plan` varchar(45) DEFAULT NULL,
  `construction_quotation` varchar(45) DEFAULT NULL,
  `construction_examination_book` varchar(45) DEFAULT NULL,
  `construction_report` varchar(45) DEFAULT NULL,
  `notice` text,
  `application_category` tinyint(1) DEFAULT NULL,
  `proof_period` tinyint(1) DEFAULT NULL,
  `quotation` tinyint(1) DEFAULT NULL COMMENT '1: 必要 \n0: 不要',
  `status` int(1) NOT NULL DEFAULT '1' COMMENT '1:申込書作成\n2:地盤調査申込\n3:地盤調査発注\n4:地盤調査実施\n5:地盤調査報告\n6:一次地盤解析\n7:二次地盤解析\n8:設計・見積\n9:工事発注\n10:工事実施\n11:工事結果報告\n12:工事確認\n13:証明書発行\n14:完了',
  `statusPublic` int(1) NOT NULL DEFAULT '0' COMMENT '1:draft\n2:public',
  `statusSurvey` text COMMENT '成立済\n募集中\n交渉中',
  `note` text,
  `update_date` timestamp NOT NULL DEFAULT CURRENT_TIMESTAMP ON UPDATE CURRENT_TIMESTAMP,
  PRIMARY KEY (`id`)
) ENGINE=InnoDB AUTO_INCREMENT=22 DEFAULT CHARSET=utf8;
/*!40101 SET character_set_client = @saved_cs_client */;

--
-- Dumping data for table `tb_survey`
--

LOCK TABLES `tb_survey` WRITE;
/*!40000 ALTER TABLE `tb_survey` DISABLE KEYS */;
INSERT INTO `tb_survey` VALUES (8,'1111111111','jibangoo',NULL,'Jibannet','112','Jibannet@gmail.com','12','jibangoo','jibangoo',1,'jibangoo','jibangoo','jibangoo','jibangoo','35.61089,139.66749','jibangoo',1,'11-24 AM','2019-08-13 15:00:00','2019-08-30 15:00:00','18:31:12','2019-08-19 15:00:00','2019-08-29 15:00:00','17:23:12','17:23:12','jibangoo',0,NULL,NULL,NULL,'geo','japan_ERI','wooden','hirafaki','12','27','jibangoo','residential_only','solid_foundation','12',1,'to_be_determined','2019-08-11 15:00:00',0,'land',0,'use','use','post','2019-08-05.pdf','2019-08-05.pdf','2019-08-05.pdf','2019-08-05.pdf','2019-08-05.pdf','2019-08-05.pdf','2019-08-05.pdf','2019-08-05.pdf','2019-08-05.pdf','2019-08-05.pdf','jibangoo',0,0,1,1,1,'成立済',NULL,'2019-11-14 11:31:36'),(9,'1234567890','123',NULL,'Company Test 1','Company Test 1','test1@gmail.com','123','田中様邸','タナカサマテイ',1,'','東京都','豊島区','池袋','35.12089,139.76749',NULL,2,'11-24 AM','2019-08-14 15:00:00','2019-08-14 15:00:00','14:30:52','2019-08-12 15:00:00','2019-08-12 15:00:00','14:30:52','14:30:52','ground_pro',0,NULL,NULL,NULL,'housing_anshin','japan_ERI',NULL,NULL,NULL,NULL,NULL,NULL,'solid_foundation',NULL,1,'plans','2019-08-13 15:00:00',NULL,'land',0,NULL,NULL,NULL,NULL,NULL,NULL,NULL,NULL,NULL,NULL,NULL,NULL,NULL,NULL,0,0,NULL,2,1,'交渉中',NULL,'2019-11-14 11:31:36'),(12,'2222222222','123',NULL,'Company Test 1','Company Test 1','test1@gmail.com','123','田中様邸','タナカサマテイ',1,NULL,'東京都','豊島区','池袋','35.63089,139.56749',NULL,1,'11-24 AM','2019-08-14 15:00:00','2019-08-14 15:00:00','1:0:8','2019-08-13 15:00:00','2019-08-13 15:00:00','1:0:8','1:0:8','ground_pro',0,NULL,NULL,NULL,'geo','japan_ERI',NULL,NULL,NULL,NULL,NULL,NULL,NULL,NULL,NULL,'to_be_determined',NULL,NULL,'land',0,NULL,NULL,NULL,NULL,NULL,NULL,NULL,NULL,NULL,NULL,NULL,NULL,NULL,NULL,0,0,NULL,1,1,'募集中',NULL,'2019-11-14 11:34:02'),(14,'1234567890','',NULL,'Jibannet','Jibannet','admin@sjs2.online','123','飯田開発',NULL,1,'1','1','1','1','35.64089,139.46749',NULL,3,'11-24 AM','2019-08-18 15:00:00','2019-08-18 15:00:00','17:21:51','2019-08-18 15:00:00','2019-08-18 15:00:00','17:21:51','17:21:51','ground_pro',0,NULL,NULL,NULL,'geo','japan_ERI',NULL,NULL,NULL,NULL,NULL,NULL,'solid_foundation',NULL,NULL,'to_be_determined',NULL,NULL,'land',0,NULL,NULL,NULL,NULL,NULL,NULL,NULL,NULL,NULL,NULL,NULL,NULL,NULL,NULL,0,0,NULL,1,1,'成立済',NULL,'2019-11-14 11:34:02'),(16,'1234567890',NULL,NULL,'Jibannet','Jibannet','admin@sjs2.online','123','飯田開発',NULL,1,NULL,'1','1','1','35.65089,139.36749',NULL,7,'11-24 AM','2019-08-20 15:00:00','2019-08-20 15:00:00','18:18:38','2019-08-20 15:00:00','2019-08-20 15:00:00','18:18:38','18:18:38','ground_pro',0,NULL,NULL,NULL,'geo','japan_ERI',NULL,NULL,NULL,NULL,NULL,NULL,'solid_foundation',NULL,NULL,'to_be_determined',NULL,NULL,'land',0,NULL,NULL,NULL,NULL,NULL,NULL,NULL,NULL,NULL,NULL,NULL,NULL,NULL,NULL,0,0,NULL,2,1,'募集中',NULL,'2019-11-14 11:31:36'),(17,'1234567890',NULL,NULL,'Jibannet','Jibannet','admin@sjs2.online','123','飯田開発',NULL,1,NULL,'1','1','1','35.66089,139.26749',NULL,NULL,'11-24 AM','2019-08-20 15:00:00','2019-08-20 15:00:00','18:35:11','2019-08-20 15:00:00','2019-08-20 15:00:00','18:35:11','18:35:11','ground_pro',0,NULL,NULL,NULL,'geo','japan_ERI',NULL,NULL,NULL,NULL,NULL,NULL,'solid_foundation',NULL,NULL,'to_be_determined',NULL,0,'land',0,NULL,NULL,NULL,NULL,NULL,NULL,NULL,NULL,NULL,NULL,NULL,NULL,NULL,NULL,0,0,NULL,2,1,'成立済',NULL,'2019-11-14 11:31:37'),(18,'1234567890','123',NULL,'Company Test 1','Company Test 1','test1@gmail.com',NULL,'田中様邸','タナカサマテイ',1,NULL,'東京都','豊島区','池袋','35.67089,139.16749',NULL,NULL,'11-24 AM','2019-08-20 15:00:00','2019-08-20 15:00:00','22:25:2','2019-08-20 15:00:00','2019-08-20 15:00:00','22:25:2','22:25:2','ground_pro',0,NULL,NULL,NULL,'geo','japan_ERI',NULL,NULL,NULL,NULL,NULL,NULL,NULL,NULL,NULL,'plans','2019-08-20 15:00:00',NULL,'land',0,NULL,NULL,NULL,NULL,NULL,NULL,NULL,NULL,NULL,NULL,NULL,NULL,NULL,NULL,0,1,NULL,1,1,'募集中',NULL,'2019-11-14 11:31:37'),(20,'8888888888',NULL,NULL,'Company Survey 1','Company Survey 1','CompanySurvey1@sjs2.online',NULL,'田中様邸','タナカサマテイ',1,NULL,'東京都','豊島区','池袋','35.68089,139.79749',NULL,8,'11-24 AM','2019-08-23 15:00:00','2019-08-24 15:00:00','11:1:29','2019-08-24 15:00:00','2019-08-24 15:00:00','11:1:29','11:1:29','ground_pro',1,NULL,NULL,NULL,'house_plan','to_be_determined',NULL,NULL,NULL,NULL,NULL,NULL,NULL,NULL,NULL,'plans','2019-08-23 15:00:00',NULL,'existing_building',0,NULL,NULL,NULL,NULL,NULL,NULL,NULL,NULL,NULL,NULL,NULL,NULL,NULL,NULL,1,0,NULL,2,1,'募集中',NULL,'2019-11-14 11:31:37'),(21,'1234567890','123',NULL,NULL,NULL,NULL,NULL,'飯田開発',NULL,NULL,NULL,NULL,NULL,NULL,'35.69089,139.71749',NULL,NULL,'11-24 AM','2019-08-23 15:00:00','2019-08-23 15:00:00','19:22:28','2019-08-23 15:00:00','2019-08-23 15:00:00','19:22:28','19:22:28',NULL,NULL,NULL,NULL,NULL,NULL,NULL,NULL,NULL,NULL,NULL,NULL,NULL,NULL,NULL,NULL,NULL,NULL,NULL,NULL,NULL,NULL,NULL,NULL,NULL,NULL,NULL,NULL,NULL,NULL,NULL,NULL,NULL,NULL,NULL,NULL,NULL,NULL,1,1,'成立済',NULL,'2019-11-14 11:34:03');
/*!40000 ALTER TABLE `tb_survey` ENABLE KEYS */;
UNLOCK TABLES;

--
-- Table structure for table `tb_survey_chat`
--

DROP TABLE IF EXISTS `tb_survey_chat`;
/*!40101 SET @saved_cs_client     = @@character_set_client */;
/*!40101 SET character_set_client = utf8 */;
CREATE TABLE `tb_survey_chat` (
  `id` int(11) NOT NULL AUTO_INCREMENT,
  `survey_id` int(11) NOT NULL,
  `sender` varchar(11) NOT NULL,
  `is_builder` tinyint(1) NOT NULL DEFAULT '0',
  `created` timestamp NOT NULL DEFAULT CURRENT_TIMESTAMP ON UPDATE CURRENT_TIMESTAMP,
  `message` text CHARACTER SET utf8 NOT NULL,
  PRIMARY KEY (`id`),
  KEY `fk_surveyid_tb_survey_idx` (`survey_id`),
  CONSTRAINT `fk_surveyid_tb_survey` FOREIGN KEY (`survey_id`) REFERENCES `tb_survey` (`id`) ON DELETE NO ACTION ON UPDATE NO ACTION
) ENGINE=InnoDB AUTO_INCREMENT=5 DEFAULT CHARSET=latin1;
/*!40101 SET character_set_client = @saved_cs_client */;

--
-- Dumping data for table `tb_survey_chat`
--

LOCK TABLES `tb_survey_chat` WRITE;
/*!40000 ALTER TABLE `tb_survey_chat` DISABLE KEYS */;
INSERT INTO `tb_survey_chat` VALUES (2,20,'11',1,'2019-12-12 17:10:16','hello'),(3,20,'11',1,'2019-12-17 03:08:51','Hi'),(4,20,'11',1,'2019-12-17 03:10:56','Hi');
/*!40000 ALTER TABLE `tb_survey_chat` ENABLE KEYS */;
UNLOCK TABLES;

--
-- Table structure for table `tb_tag`
--

DROP TABLE IF EXISTS `tb_tag`;
/*!40101 SET @saved_cs_client     = @@character_set_client */;
/*!40101 SET character_set_client = utf8 */;
CREATE TABLE `tb_tag` (
  `id` int(11) NOT NULL AUTO_INCREMENT,
  `tagName` varchar(45) CHARACTER SET utf8 NOT NULL,
  PRIMARY KEY (`id`)
) ENGINE=InnoDB AUTO_INCREMENT=29 DEFAULT CHARSET=latin1;
/*!40101 SET character_set_client = @saved_cs_client */;

--
-- Dumping data for table `tb_tag`
--

LOCK TABLES `tb_tag` WRITE;
/*!40000 ALTER TABLE `tb_tag` DISABLE KEYS */;
INSERT INTO `tb_tag` VALUES (1,'ナレッジベース'),(2,'事業内容'),(3,'リフォーム事業'),(4,'新SJS について'),(24,'取引先登録'),(25,'アプリケーション'),(26,'取引先とは'),(27,'テスト'),(28,'地盤適合耐震住宅');
/*!40000 ALTER TABLE `tb_tag` ENABLE KEYS */;
UNLOCK TABLES;

--
-- Table structure for table `tb_tag_details`
--

DROP TABLE IF EXISTS `tb_tag_details`;
/*!40101 SET @saved_cs_client     = @@character_set_client */;
/*!40101 SET character_set_client = utf8 */;
CREATE TABLE `tb_tag_details` (
  `id` int(11) NOT NULL AUTO_INCREMENT,
  `tagId` varchar(45) NOT NULL,
  `articleId` varchar(45) NOT NULL,
  PRIMARY KEY (`id`,`tagId`,`articleId`)
) ENGINE=InnoDB AUTO_INCREMENT=286 DEFAULT CHARSET=latin1;
/*!40101 SET character_set_client = @saved_cs_client */;

--
-- Dumping data for table `tb_tag_details`
--

LOCK TABLES `tb_tag_details` WRITE;
/*!40000 ALTER TABLE `tb_tag_details` DISABLE KEYS */;
INSERT INTO `tb_tag_details` VALUES (191,'24','06d3e127222102395f7d0ad31e630f8e'),(202,'1','8f95ca7cf16d87a634d85839fab06154'),(203,'4','8f95ca7cf16d87a634d85839fab06154'),(207,'26','571989cbf27b7a83bcdacd4207e418c2'),(208,'25','null'),(209,'27','null'),(211,'1','10529083f06494d49f3d385eee7a182d'),(213,'1','93a64b7c78b6ff7631a162a1ac96c288'),(268,'27','a43d3ad69ab0bb91f7a949145539327c'),(280,'25','2ff120de1b571dd19a8eb7251d3185d8'),(281,'27','5dffc4544f78a66d9dec4495b779ee33'),(282,'27','a69d4daeb6d43f1efc0f494f56aebd3c'),(284,'27','268c29f98a8e685aa3b0687edc3b5d8d'),(285,'28','19377d31acd5e005a2653bcb901e916d');
/*!40000 ALTER TABLE `tb_tag_details` ENABLE KEYS */;
UNLOCK TABLES;

--
-- Table structure for table `tb_user_temp`
--

DROP TABLE IF EXISTS `tb_user_temp`;
/*!40101 SET @saved_cs_client     = @@character_set_client */;
/*!40101 SET character_set_client = utf8 */;
CREATE TABLE `tb_user_temp` (
  `id` varchar(45) NOT NULL,
  `email` varchar(45) NOT NULL COMMENT 'email',
  `lastName` varchar(45) NOT NULL COMMENT 'お名前（姓）',
  `firstName` varchar(45) NOT NULL COMMENT 'お名前（名）',
  `spellingLastName` varchar(45) NOT NULL COMMENT 'spellingLastName',
  `spellingFirstName` varchar(45) NOT NULL COMMENT 'よみ（姓）',
  `password` varchar(45) NOT NULL DEFAULT '',
  `status` int(1) NOT NULL DEFAULT '0' COMMENT '0: confirm, 1: success',
  PRIMARY KEY (`id`),
  UNIQUE KEY `email_UNIQUE` (`email`)
) ENGINE=InnoDB DEFAULT CHARSET=latin1;
/*!40101 SET character_set_client = @saved_cs_client */;

--
-- Dumping data for table `tb_user_temp`
--

LOCK TABLES `tb_user_temp` WRITE;
/*!40000 ALTER TABLE `tb_user_temp` DISABLE KEYS */;
INSERT INTO `tb_user_temp` VALUES ('5aa3bf3ac499a3b1ecf572ecf25eb46e','lenguyendangkhoa.94@gmail.com','Khoa','Khoa','Khoa1','Khoa1','5PamfS',0),('64bd6c58fa7976c76fd82235bd663389','lenguyendangkhoa94@gmail.com','khoa','khoa','khoa','khoa','y7U8cf',0),('76a80694bfc18f91eacda0f04d21834f','ngocanittc@gmail.com','Bb',' Vv','Vv','Gg','b43TD0',0);
/*!40000 ALTER TABLE `tb_user_temp` ENABLE KEYS */;
UNLOCK TABLES;

--
-- Table structure for table `tb_users`
--

DROP TABLE IF EXISTS `tb_users`;
/*!40101 SET @saved_cs_client     = @@character_set_client */;
/*!40101 SET character_set_client = utf8 */;
CREATE TABLE `tb_users` (
  `id` varchar(11) NOT NULL,
  `lastName` varchar(45) DEFAULT NULL,
  `firstName` varchar(45) DEFAULT NULL,
  `password` varchar(45) NOT NULL,
  `passwordTemp` varchar(45) DEFAULT NULL,
  `email` varchar(45) NOT NULL,
  `affiliationDepartment` varchar(45) DEFAULT NULL COMMENT '所属部署',
  `position` varchar(45) DEFAULT NULL COMMENT '役職',
  `phoneNumber` varchar(45) DEFAULT NULL COMMENT '電話番号',
  `mobileNumber` varchar(45) DEFAULT NULL COMMENT '携帯電話',
  `companyID` int(11) DEFAULT NULL,
  `group_id` varchar(6) DEFAULT NULL,
  PRIMARY KEY (`id`)
) ENGINE=InnoDB DEFAULT CHARSET=utf8;
/*!40101 SET character_set_client = @saved_cs_client */;

--
-- Dumping data for table `tb_users`
--

LOCK TABLES `tb_users` WRITE;
/*!40000 ALTER TABLE `tb_users` DISABLE KEYS */;
INSERT INTO `tb_users` VALUES ('1111111111','Hieu','Pham','password',NULL,'hieu@sjs2.online',NULL,NULL,NULL,NULL,1,NULL),('1234567890','Admin','User','admin',NULL,'admin@sjs2.online',NULL,NULL,NULL,NULL,1,NULL),('2222222222','Test','User','password',NULL,'test@sjs2.online',NULL,NULL,NULL,NULL,3,NULL),('3333333333','Test','User3','password',NULL,'test3@sjs2.online',NULL,NULL,NULL,NULL,4,NULL),('4444444444','Test','User4','password',NULL,'test4@sjs2.online',NULL,NULL,NULL,NULL,5,NULL),('5555555555','Test','User5','password',NULL,'test5@sjs2.online',NULL,NULL,NULL,NULL,4,NULL),('6666666666','Test','User6','password',NULL,'test6@sjs2.online',NULL,NULL,NULL,NULL,3,NULL),('7777777777','Test','User7','password',NULL,'test7@sjs2.online',NULL,NULL,NULL,NULL,2,NULL),('8888888888','User','Builder 1','password',NULL,'builder@sjs2.online',NULL,NULL,NULL,NULL,7,NULL),('9999999999','User','Survey 1','password',NULL,'survey@sjs2.online',NULL,NULL,NULL,NULL,8,NULL),('C0CkS4wZ3l','khoa','khoa','123123',NULL,'lenguyendangkhoa94@gmail.com','123','456','789','012',9,NULL);
/*!40000 ALTER TABLE `tb_users` ENABLE KEYS */;
UNLOCK TABLES;
/*!40103 SET TIME_ZONE=@OLD_TIME_ZONE */;

/*!40101 SET SQL_MODE=@OLD_SQL_MODE */;
/*!40014 SET FOREIGN_KEY_CHECKS=@OLD_FOREIGN_KEY_CHECKS */;
/*!40014 SET UNIQUE_CHECKS=@OLD_UNIQUE_CHECKS */;
/*!40101 SET CHARACTER_SET_CLIENT=@OLD_CHARACTER_SET_CLIENT */;
/*!40101 SET CHARACTER_SET_RESULTS=@OLD_CHARACTER_SET_RESULTS */;
/*!40101 SET COLLATION_CONNECTION=@OLD_COLLATION_CONNECTION */;
/*!40111 SET SQL_NOTES=@OLD_SQL_NOTES */;

-- Dump completed on 2019-12-17 10:47:00
